timestamp,actual,predicted
2024-01-02 00:00:00,0.567,0.4710798636812611
2024-01-02 08:00:00,1.0694,0.9872720449945847
2024-01-02 14:00:00,0.7268,0.6241481367966284
2024-01-02 17:00:00,0.967,0.7533174003494931
2024-01-02 19:00:00,0.7512,0.7640128431103554
2024-01-02 23:00:00,0.3144,0.45151860101243463
2024-01-03 09:00:00,1.0292,1.1042859266144076
2024-01-03 13:00:00,0.6912,0.7735379876437676
2024-01-03 17:00:00,0.9248,0.860091418371894
2024-01-04 00:00:00,0.5108,0.4929025344463073
2024-01-04 02:00:00,0.28,0.3297903837964766
2024-01-04 08:00:00,1.2126,1.0737567988414052
2024-01-04 13:00:00,0.8248,0.6955633461364481
2024-01-04 17:00:00,0.9566,0.8589716543822985
2024-01-04 20:00:00,0.4409999999999999,0.5212557326122503
2024-01-04 21:00:00,0.3128,0.4127586189107519
2024-01-05 07:00:00,1.0882,0.9725208271196006
2024-01-05 08:00:00,1.0608,1.1334325271894485
2024-01-05 09:00:00,0.9642,1.0161024475753675
2024-01-05 15:00:00,0.7252000000000001,0.6944522253176619
2024-01-05 16:00:00,0.9778,0.8289941666769471
2024-01-05 19:00:00,0.5588,0.700249754028214
2024-01-05 21:00:00,0.4532,0.41762032790981224
2024-01-05 23:00:00,0.3812,0.44764357235547736
2024-01-06 03:00:00,0.2222,0.15631139112866857
2024-01-06 04:00:00,0.2954,0.25009086088379645
2024-01-06 05:00:00,0.3726,0.3187366397571565
2024-01-06 10:00:00,0.5042,0.7174676216127216
2024-01-06 22:00:00,0.4354,0.3380942029855354
2024-01-06 23:00:00,0.458,0.3126167868870585
2024-01-07 11:00:00,0.3767999999999999,0.46621378153751375
2024-01-07 12:00:00,0.4906,0.46191813883674565
2024-01-08 05:00:00,0.4821999999999999,0.38765692155957676
2024-01-08 13:00:00,0.8408,0.6242884271623438
2024-01-08 23:00:00,0.4304,0.4443366480901412
2024-01-09 01:00:00,0.348,0.4803404186620955
2024-01-09 04:00:00,0.2768,0.32461350312711174
2024-01-09 08:00:00,1.1888,1.0850102470079224
2024-01-09 09:00:00,1.0053999999999998,1.009507159846207
2024-01-09 11:00:00,0.7878000000000001,0.9135272022515353
2024-01-09 12:00:00,0.7134,0.8147017460875818
2024-01-09 13:00:00,0.7829999999999999,0.82724572075712
2024-01-09 17:00:00,0.8863999999999999,0.8972311435306974
2024-01-10 04:00:00,0.351,0.2984493399835037
2024-01-10 07:00:00,1.0052,0.911100095793272
2024-01-10 19:00:00,0.6971999999999999,0.6779918354969652
2024-01-10 20:00:00,0.4742,0.5847792092778836
2024-01-10 22:00:00,0.5722,0.5027764144855691
2024-01-11 01:00:00,0.4574,0.45485878920600126
2024-01-11 05:00:00,0.39,0.4254087189399864
2024-01-11 06:00:00,0.8775999999999999,0.5808085277153192
2024-01-11 14:00:00,0.7196,0.687568470200981
2024-01-11 17:00:00,0.9304,0.8796291444020734
2024-01-11 23:00:00,0.4628,0.4014563568702381
2024-01-12 05:00:00,0.383,0.39220774764737076
2024-01-12 08:00:00,1.1696,1.0996269248035122
2024-01-12 11:00:00,0.896,0.8663516460983693
2024-01-12 17:00:00,0.9342,0.898894274164338
2024-01-12 23:00:00,0.2338,0.442281192507649
2024-01-13 01:00:00,0.5002,0.333370137145351
2024-01-13 03:00:00,0.2846,0.21311735029274023
2024-01-13 10:00:00,0.5609999999999999,0.6616272268119969
2024-01-14 00:00:00,0.3494,0.35967862833528674
2024-01-14 03:00:00,0.134,0.2685324566574971
2024-01-14 12:00:00,0.397,0.43478862471639373
2024-01-14 16:00:00,0.6714,0.3954910723873839
2024-01-14 20:00:00,0.4851999999999999,0.5080166868774763
2024-01-15 03:00:00,0.2912,0.31872371594457644
2024-01-15 06:00:00,0.6859999999999999,0.6478415302091423
2024-01-15 07:00:00,1.0497999999999998,0.8030966150648109
2024-01-15 09:00:00,1.0282,0.8987712314404166
2024-01-15 11:00:00,0.7310000000000001,0.7216790271396447
2024-01-15 16:00:00,0.9144,0.7458309880520542
2024-01-15 18:00:00,0.7789999999999999,0.7951039151773123
2024-01-15 20:00:00,0.4446,0.6039234921855958
2024-01-15 21:00:00,0.4993999999999999,0.5223875764641022
2024-01-15 22:00:00,0.4794,0.5075936614101458
2024-01-16 01:00:00,0.3572,0.4872304586190858
2024-01-16 10:00:00,0.8416000000000001,0.8448755882060082
2024-01-16 13:00:00,0.766,0.8040632626881994
2024-01-16 17:00:00,0.9316,0.8279694716230064
2024-01-16 18:00:00,0.7515999999999999,0.828300823311571
2024-01-17 00:00:00,0.4605999999999999,0.5317870581006336
2024-01-17 07:00:00,1.1908,0.9049082012010288
2024-01-17 19:00:00,0.641,0.5946717240708168
2024-01-17 21:00:00,0.4624,0.43494797428101223
2024-01-18 09:00:00,0.8922,1.0645661890761127
2024-01-18 18:00:00,0.7455999999999999,0.6943523607107598
2024-01-19 00:00:00,0.5197999999999999,0.47004210018849113
2024-01-19 03:00:00,0.0916,0.30747527564555965
2024-01-19 07:00:00,1.0776,1.02043938910869
2024-01-19 21:00:00,0.436,0.4941679597491423
2024-01-20 03:00:00,0.2055999999999999,0.10820408644566296
2024-01-20 13:00:00,0.5012,0.5318008564485772
2024-01-20 17:00:00,0.792,0.5763701683507882
2024-01-20 21:00:00,0.3332,0.3464903151234015
2024-01-20 23:00:00,0.3566,0.26005253517915233
2024-01-21 01:00:00,0.4292,0.3641361462988907
2024-01-21 05:00:00,0.3128,0.3103832198168715
2024-01-21 09:00:00,0.7362,0.7061064466065641
2024-01-21 12:00:00,0.5076,0.45952497019832056
2024-01-21 16:00:00,0.6414,0.5373221233646293
2024-01-21 20:00:00,0.446,0.44926554727421963
2024-01-22 03:00:00,0.2443999999999999,0.37483489733160863
2024-01-22 06:00:00,0.7378,0.5962105692312663
2024-01-22 07:00:00,0.993,0.7807052085416828
2024-01-22 16:00:00,0.8376000000000001,0.7474345665494699
2024-01-22 23:00:00,0.3768,0.45954054699062996
2024-01-23 05:00:00,0.5196,0.4460202478260963
2024-01-23 07:00:00,0.9476,0.9243252655864365
2024-01-23 14:00:00,0.6148,0.7890493609697193
2024-01-24 02:00:00,0.377,0.41247426739305526
2024-01-24 04:00:00,0.3742,0.3119589909377847
2024-01-24 05:00:00,0.4692,0.4855306203719516
2024-01-24 10:00:00,0.7362,0.8948963836927573
2024-01-24 12:00:00,0.8636,0.7959817133950278
2024-01-24 15:00:00,0.8820000000000001,0.7715127453199913
2024-01-24 16:00:00,0.9742,0.8348360450851775
2024-01-24 22:00:00,0.5247999999999999,0.41295099562289017
2024-01-25 02:00:00,0.3494,0.3714196843089297
2024-01-25 15:00:00,0.75,0.7691492540081852
2024-01-26 00:00:00,0.5132,0.4313071548878842
2024-01-26 10:00:00,0.905,0.8954147585610239
2024-01-26 18:00:00,0.85,0.8014509300553461
2024-01-27 01:00:00,0.3776,0.26698178378608645
2024-01-27 04:00:00,0.3014,0.2671906192572826
2024-01-27 18:00:00,0.7343999999999999,0.6513775396888772
2024-01-27 23:00:00,0.3356,0.3391365987458914
2024-01-28 01:00:00,0.251,0.4016746706337133
2024-01-28 09:00:00,0.6728000000000001,0.6226957754261835
2024-01-28 13:00:00,0.3752,0.5008283980612074
2024-01-28 17:00:00,0.8188,0.5841870468072385
2024-01-28 18:00:00,0.6832,0.6979754638737912
2024-01-28 23:00:00,0.2318,0.31566162172994605
2024-01-29 16:00:00,0.8104,0.7381280388489189
2024-01-29 17:00:00,0.9338,0.8457272131990929
2024-01-29 20:00:00,0.3956,0.5390786798114888
2024-01-30 03:00:00,0.3939999999999999,0.39976470869434844
2024-01-30 04:00:00,0.3047999999999999,0.37232272749328155
2024-01-30 10:00:00,0.7694000000000001,1.0472772818514036
2024-01-30 11:00:00,0.7634000000000001,0.7982117737652696
2024-01-30 22:00:00,0.4774,0.5076465153655603
2024-01-31 00:00:00,0.4132,0.38706849802170595
2024-01-31 04:00:00,0.2261999999999999,0.38247877996037083
2024-01-31 10:00:00,0.8847999999999999,0.9145293248611146
2024-01-31 14:00:00,0.841,0.7712640996760884
2024-01-31 15:00:00,0.879,0.8397411522943528
2024-01-31 16:00:00,0.9438,0.8426606242453725
2024-01-31 22:00:00,0.4502,0.43642988722450765
2024-02-01 10:00:00,0.8856,0.8967669491517642
2024-02-01 13:00:00,0.8858,0.6817803495548602
2024-02-01 16:00:00,0.8614,0.8359392640994705
2024-02-01 17:00:00,0.9562,0.8908552372848972
2024-02-01 20:00:00,0.4144,0.47115436768701274
2024-02-01 22:00:00,0.5644,0.41047988875208496
2024-02-01 23:00:00,0.413,0.46523794770963783
2024-02-02 00:00:00,0.5166,0.4799465336289941
2024-02-02 01:00:00,0.4533999999999999,0.4524715299011674
2024-02-02 03:00:00,0.2624,0.35486952814089795
2024-02-02 04:00:00,0.2486,0.37332626298387217
2024-02-02 07:00:00,0.9388,0.9601702228793021
2024-02-02 14:00:00,0.8774,0.7274587730064861
2024-02-02 15:00:00,0.7708,0.8339042544532456
2024-02-02 19:00:00,0.6022000000000001,0.7165158654506771
2024-02-02 20:00:00,0.516,0.48850600484450774
2024-02-02 22:00:00,0.4834,0.542988630213258
2024-02-03 05:00:00,0.3606,0.3254870979008295
2024-02-03 18:00:00,0.7771999999999999,0.6504052717502997
2024-02-03 21:00:00,0.376,0.4446725025037141
2024-02-04 02:00:00,0.273,0.3158905656113966
2024-02-04 08:00:00,0.8351999999999999,0.7876509169780415
2024-02-04 19:00:00,0.587,0.6550930059817948
2024-02-04 23:00:00,0.4876,0.3349882450296776
2024-02-05 12:00:00,0.8406,0.5920101546144383
2024-02-05 17:00:00,0.8734,0.8218397159806499
2024-02-05 19:00:00,0.7196,0.6888667208687935
2024-02-06 01:00:00,0.384,0.4512399481644691
2024-02-06 16:00:00,0.8532,0.8902293292005592
2024-02-06 18:00:00,0.7788,0.8099776336375422
2024-02-06 22:00:00,0.4154,0.5568331272628593
2024-02-07 02:00:00,0.2288,0.3968464373205557
2024-02-07 04:00:00,0.392,0.26966246857303944
2024-02-07 15:00:00,0.7902,0.7444283082558727
2024-02-08 20:00:00,0.5624,0.47223747437776803
2024-02-09 09:00:00,0.9448,1.036331797888903
2024-02-09 15:00:00,0.6726000000000001,0.7811011563309846
2024-02-09 20:00:00,0.6002,0.5830028990987779
2024-02-10 04:00:00,0.2143999999999999,0.1343097454179397
2024-02-10 21:00:00,0.4724,0.3526474725349381
2024-02-11 05:00:00,0.3964,0.3823135901869006
2024-02-11 10:00:00,0.5008,0.6796608019973973
2024-02-11 22:00:00,0.419,0.422825538489558
2024-02-12 10:00:00,0.8298,0.7981734278446495
2024-02-12 12:00:00,0.7974000000000001,0.673103547820423
2024-02-12 13:00:00,0.7465999999999999,0.7308009818971539
2024-02-12 18:00:00,0.8986,0.8233705076778304
2024-02-12 21:00:00,0.485,0.5579261484596638
2024-02-13 01:00:00,0.3114,0.49016433451744335
2024-02-13 02:00:00,0.3681999999999999,0.3996903929503731
2024-02-13 09:00:00,0.8557999999999999,1.0054396545138822
2024-02-13 10:00:00,0.806,0.885604750778396
2024-02-13 12:00:00,0.7864,0.8147590569394676
2024-02-13 14:00:00,0.7104,0.7486512100914788
2024-02-13 17:00:00,0.995,0.9592387063814083
2024-02-13 19:00:00,0.6454,0.7012661848603943
2024-02-14 02:00:00,0.2536,0.4016262562348751
2024-02-14 06:00:00,0.7806,0.6612870522702934
2024-02-14 10:00:00,0.8546,0.8767417580246439
2024-02-14 12:00:00,0.7504,0.7754518161074224
2024-02-14 14:00:00,0.6636,0.7601701787312389
2024-02-14 21:00:00,0.5384,0.4724618703496354
2024-02-14 23:00:00,0.3428,0.4058540654224137
2024-02-15 00:00:00,0.3859999999999999,0.3727455777887157
2024-02-15 01:00:00,0.3484,0.3972308081234256
2024-02-15 05:00:00,0.4649999999999999,0.4479697018207258
2024-02-15 12:00:00,0.7362,0.8103455002745481
2024-02-15 15:00:00,0.8774,0.730294949923971
2024-02-15 18:00:00,0.8032,0.7050624091247975
2024-02-15 19:00:00,0.6534,0.6765792160335387
2024-02-15 20:00:00,0.6504000000000001,0.4923432468550795
2024-02-15 22:00:00,0.4688,0.43356995902634804
2024-02-16 04:00:00,0.3027999999999999,0.3864624347705834
2024-02-16 07:00:00,1.1622,0.9340838749981084
2024-02-16 10:00:00,0.7747999999999999,0.8823474929539785
2024-02-16 23:00:00,0.326,0.3994067687561221
2024-02-17 04:00:00,0.2918,0.21686586569797545
2024-02-17 07:00:00,0.7624000000000001,0.7688987962031486
2024-02-17 11:00:00,0.4645999999999999,0.5836808083890561
2024-02-17 19:00:00,0.7164,0.5733123802274716
2024-02-17 23:00:00,0.3308,0.2609812227535762
2024-02-18 11:00:00,0.4915999999999999,0.5579792387606186
2024-02-18 14:00:00,0.5378000000000001,0.40788570835279403
2024-02-18 16:00:00,0.6499999999999999,0.5240979090820461
2024-02-18 17:00:00,0.7256,0.618541507709939
2024-02-18 19:00:00,0.722,0.6088112771112218
2024-02-18 21:00:00,0.3152,0.41078353642892257
2024-02-19 04:00:00,0.2026,0.35891956756763804
2024-02-19 05:00:00,0.4582,0.4654863795881538
2024-02-19 10:00:00,0.8258000000000001,0.8122765409502668
2024-02-19 11:00:00,0.5888000000000001,0.7428138315325812
2024-02-19 14:00:00,0.6288,0.7002384415159311
2024-02-19 16:00:00,0.8039999999999999,0.7507787855039727
2024-02-19 20:00:00,0.5316,0.5977009336822467
2024-02-19 23:00:00,0.3146,0.426261572481755
2024-02-20 00:00:00,0.4578,0.4261654308402703
2024-02-20 04:00:00,0.3286,0.29008552971219886
2024-02-20 07:00:00,1.0164,0.9265371382924836
2024-02-20 17:00:00,0.8861999999999999,0.8591646195823073
2024-02-20 19:00:00,0.6212,0.7447433378707768
2024-02-20 21:00:00,0.3482,0.43415127237133017
2024-02-20 23:00:00,0.3884,0.42888586656105127
2024-02-21 01:00:00,0.4916,0.44605007715610245
2024-02-21 10:00:00,0.778,0.8111438609265267
2024-02-21 19:00:00,0.7377999999999999,0.6645375016234676
2024-02-21 22:00:00,0.5237999999999999,0.48292977084568384
2024-02-22 02:00:00,0.4191999999999999,0.39962055169225846
2024-02-22 09:00:00,0.898,0.953439342675324
2024-02-22 20:00:00,0.4414,0.5316184332260067
2024-02-23 05:00:00,0.5542,0.4797454974931683
2024-02-23 13:00:00,0.7232000000000001,0.7614317670147108
2024-02-23 15:00:00,0.8862,0.7963617243964922
2024-02-24 05:00:00,0.3336,0.32390249097298984
2024-02-24 09:00:00,0.6044,0.9948866057821184
2024-02-24 10:00:00,0.4698,0.5912903986337683
2024-02-24 15:00:00,0.422,0.5943793812410723
2024-02-24 23:00:00,0.3932,0.2983576494612522
2024-02-25 01:00:00,0.4145999999999999,0.35322258714933713
2024-02-25 02:00:00,0.2845999999999999,0.3149498827133804
2024-02-25 17:00:00,0.6526000000000001,0.538245425765727
2024-02-25 19:00:00,0.719,0.5388649030153422
2024-02-26 00:00:00,0.5286,0.43863296974338395
2024-02-26 02:00:00,0.3564,0.4400622521183097
2024-02-26 03:00:00,0.2461999999999999,0.3914614679057414
2024-02-26 08:00:00,1.0981999999999998,0.9491359186264765
2024-02-26 10:00:00,0.7828,0.8402259143051436
2024-02-26 14:00:00,0.7052,0.7010997162140733
2024-02-26 19:00:00,0.8266,0.7851337184188614
2024-02-27 01:00:00,0.3878,0.4741110646059752
2024-02-27 02:00:00,0.436,0.4140952094455811
2024-02-27 05:00:00,0.4911999999999999,0.4809749637684348
2024-02-28 01:00:00,0.411,0.42473034375069046
2024-02-28 04:00:00,0.33,0.34892024202357774
2024-02-28 05:00:00,0.3872,0.4479610892398336
2024-02-28 06:00:00,0.8206,1.1640422393444576
2024-02-28 15:00:00,0.8854,0.7910875541775375
2024-02-28 17:00:00,1.0550000000000002,0.845829814291956
2024-02-29 01:00:00,0.2966,0.37781851421288937
2024-02-29 04:00:00,0.2358,0.3084202393431569
2024-02-29 08:00:00,1.2738,1.018052389412895
2024-02-29 10:00:00,0.8298,0.9318158821201905
2024-02-29 13:00:00,0.7844,0.692192915983123
2024-02-29 14:00:00,0.679,0.7415423604037243
2024-03-01 01:00:00,0.3854,0.4085050262215345
2024-03-01 04:00:00,0.414,0.30612054018912993
2024-03-01 05:00:00,0.5152,0.4754697604055917
2024-03-01 10:00:00,0.7792,0.9032257333945843
2024-03-01 11:00:00,0.6498,0.8431364420701524
2024-03-01 13:00:00,0.6986000000000001,0.7941657226654903
2024-03-01 14:00:00,0.7852,0.7121806382659204
2024-03-01 16:00:00,0.8122,0.8449419100272255
2024-03-01 21:00:00,0.4838,0.41178443242933327
2024-03-01 22:00:00,0.4268,0.4226694438897805
2024-03-02 06:00:00,0.4112,0.5213591798941241
2024-03-02 12:00:00,0.5454,0.54524492215882
2024-03-03 01:00:00,0.329,0.33835058055984557
2024-03-03 03:00:00,0.2309999999999999,0.2484718355417797
2024-03-03 06:00:00,0.4611999999999999,0.3951690417413207
2024-03-03 08:00:00,0.7616,0.8094882081857953
2024-03-03 15:00:00,0.436,0.4767324481141787
2024-03-03 16:00:00,0.7232000000000001,0.5188147530423679
2024-03-03 19:00:00,0.5999999999999999,0.5477440601225594
2024-03-04 00:00:00,0.4416,0.4819123115768366
2024-03-04 03:00:00,0.2466,0.41359046392897314
2024-03-04 13:00:00,0.5946,0.6323075697496432
2024-03-04 14:00:00,0.6798,0.6377531434834618
2024-03-04 21:00:00,0.3535999999999999,0.4468471916128832
2024-03-05 00:00:00,0.4155999999999999,0.42816520860107316
2024-03-05 01:00:00,0.2356,0.4465926202900816
2024-03-05 04:00:00,0.287,0.3859512059453267
2024-03-05 15:00:00,0.7196,0.8381830267530566
2024-03-05 18:00:00,0.6936,0.809229566747816
2024-03-05 20:00:00,0.5905999999999999,0.4878412903176573
2024-03-05 21:00:00,0.509,0.47673361734733194
2024-03-05 23:00:00,0.351,0.4136896291680773
2024-03-06 00:00:00,0.5274,0.37899334159728926
2024-03-06 07:00:00,1.0698,0.9404905634143361
2024-03-06 08:00:00,1.0572,1.1273155420521952
2024-03-06 09:00:00,0.902,1.014236800719498
2024-03-06 14:00:00,0.7288,0.7528074604651305
2024-03-06 22:00:00,0.5142,0.41836430162177973
2024-03-06 23:00:00,0.3797999999999999,0.40596426508553884
2024-03-07 01:00:00,0.4508,0.41938807411691686
2024-03-07 02:00:00,0.3082,0.3710147872023017
2024-03-07 08:00:00,1.1502,0.9886514464706748
2024-03-07 09:00:00,0.885,0.9716304758878371
2024-03-07 15:00:00,0.7742,0.7744357781950568
2024-03-07 18:00:00,0.7624,1.2250682929372119
2024-03-08 02:00:00,0.4092,0.35693339297347393
2024-03-08 09:00:00,0.9282,0.9480674402272817
2024-03-08 11:00:00,0.8554000000000002,0.8454823866753525
2024-03-08 13:00:00,0.8172000000000001,0.7595002704993692
2024-03-08 14:00:00,0.779,0.7405311147461173
2024-03-08 22:00:00,0.3639999999999999,0.44344792664379107
2024-03-09 00:00:00,0.4058,0.25614524828678964
2024-03-09 07:00:00,0.796,0.7613832654545956
2024-03-09 08:00:00,0.631,0.8282387061287453
2024-03-09 09:00:00,0.6765999999999999,0.7224892470225874
2024-03-09 10:00:00,0.4927999999999999,0.7363546682345483
2024-03-09 15:00:00,0.4915999999999999,0.5494333003507965
2024-03-09 18:00:00,0.6709999999999999,0.7109613691980075
2024-03-09 23:00:00,0.3422,0.282164987943773
2024-03-10 10:00:00,0.5408,0.5880923799846909
2024-03-10 11:00:00,0.3974,0.5503535899650476
2024-03-10 17:00:00,0.5660000000000001,0.5909522837828676
2024-03-11 00:00:00,0.4234,0.4748276821809327
2024-03-11 03:00:00,0.331,0.3873009508480905
2024-03-11 06:00:00,0.7908,0.6764123067049059
2024-03-11 09:00:00,0.982,0.8801182550194062
2024-03-11 14:00:00,0.7313999999999999,0.40245652447532515
2024-03-11 15:00:00,0.7646,0.7422321421710412
2024-03-11 16:00:00,0.7386,0.6733434596588375
2024-03-12 00:00:00,0.4748,0.45038810172087024
2024-03-12 08:00:00,1.0806,0.9925771525044524
2024-03-12 11:00:00,0.664,0.840782877899001
2024-03-12 19:00:00,0.7524,0.7138375670691346
2024-03-12 21:00:00,0.431,0.47455183099779347
2024-03-13 14:00:00,0.674,0.8303516846502932
2024-03-13 17:00:00,0.955,0.799122456078698
2024-03-13 22:00:00,0.5092,0.4171095922951053
2024-03-14 00:00:00,0.4782,0.3662471187592022
2024-03-14 01:00:00,0.4112,0.42512408050829703
2024-03-14 02:00:00,0.453,0.3633597562511345
2024-03-14 04:00:00,0.4237999999999999,0.2784806081605468
2024-03-14 09:00:00,0.7647999999999999,1.003198855854657
2024-03-14 12:00:00,0.7072,0.7486898013868974
2024-03-14 13:00:00,0.6841999999999999,0.7427392774885131
2024-03-14 16:00:00,0.7846,0.7724052525807106
2024-03-14 18:00:00,0.7488,0.7682370610991844
2024-03-14 19:00:00,0.5591884947248055,0.6678260983586171
2024-03-15 06:00:00,0.8136,0.6896276151046239
2024-03-15 13:00:00,0.7848,0.7414551279526558
2024-03-15 16:00:00,0.7518,0.7557115462492043
2024-03-15 23:00:00,0.3704,0.4676927606418956
2024-03-16 01:00:00,0.4116,0.2821724027848005
2024-03-16 07:00:00,0.7726,0.6577276303571875
2024-03-16 14:00:00,0.416,0.5083327846011028
2024-03-16 17:00:00,0.6205999999999999,0.6116219580925891
2024-03-16 18:00:00,0.694,0.581115541457472
2024-03-17 03:00:00,0.1976,0.20456678474664874
2024-03-17 07:00:00,0.6764,0.6711608230881771
2024-03-17 17:00:00,0.557,0.5752744331794433
2024-03-18 08:00:00,1.2392,1.0063636666270983
2024-03-18 11:00:00,0.7332000000000001,0.6736355164436438
2024-03-18 15:00:00,0.9062,0.6969002249957985
2024-03-18 20:00:00,0.452,0.6058959829423872
2024-03-19 16:00:00,0.9252,0.8674855637232117
2024-03-19 22:00:00,0.4498,0.4465432178130379
2024-03-20 05:00:00,0.5842,0.4631028974684918
2024-03-20 08:00:00,1.0904000000000005,1.0628645380956083
2024-03-20 16:00:00,0.7644,0.8197881137877319
2024-03-21 01:00:00,0.4148,0.3909546692061198
2024-03-21 19:00:00,0.6374000000000001,0.6244404757648456
2024-03-21 20:00:00,0.4574,0.500997580564276
2024-03-21 22:00:00,0.5408,0.4618643353486886
2024-03-21 23:00:00,0.3526,0.40672689557685804
2024-03-22 02:00:00,0.2269999999999999,0.381388028316645
2024-03-22 06:00:00,0.6172,0.6232499501547673
2024-03-22 08:00:00,1.1866,1.0198309115400206
2024-03-22 14:00:00,0.7597999999999999,0.7414048847129793
2024-03-22 21:00:00,0.3616,0.4496290853735048
2024-03-23 01:00:00,0.3164,0.2715224259246427
2024-03-23 08:00:00,0.8300000000000001,0.9246376344069651
2024-03-23 10:00:00,0.5178,0.6845882344517074
2024-03-23 13:00:00,0.3906,0.4979667430469619
2024-03-23 18:00:00,0.5816,0.6079507519159701
2024-03-23 21:00:00,0.465,0.3313028010988437
2024-03-24 03:00:00,0.263,0.2511054850385458
2024-03-24 10:00:00,0.4352,0.5792198563412185
2024-03-24 13:00:00,0.38,0.4463310569559768
2024-03-25 00:00:00,0.4884,0.5129922343426387
2024-03-25 03:00:00,0.1934,0.390707812365914
2024-03-25 10:00:00,0.7576,0.7468810167376987
2024-03-25 14:00:00,0.7150000000000001,0.7157968704018389
2024-03-26 06:00:00,0.7753999999999999,0.7055753260643536
2024-03-26 09:00:00,0.8784000000000001,1.0641906385261168
2024-03-26 13:00:00,0.6648000000000001,0.7777807606052864
2024-03-26 18:00:00,0.7427999999999999,0.7992304437545805
2024-03-27 17:00:00,0.9978,0.7759622560171662
2024-03-28 03:00:00,0.2812,0.24019744711534505
2024-03-28 08:00:00,1.1374,1.0968653554091716
2024-03-28 23:00:00,0.3265999999999999,0.3598742070829002
2024-03-29 00:00:00,0.3856,0.4162747273972048
2024-03-29 06:00:00,0.8016000000000001,0.6636968940799051
2024-03-29 10:00:00,0.8362,0.8939254439368887
2024-03-29 19:00:00,0.7434,0.6846078081430182
2024-03-29 22:00:00,0.4278,0.40472551498402365
2024-03-29 23:00:00,0.3312,0.3787693737992788
2024-03-30 02:00:00,0.2935999999999999,0.24904848721195225
2024-03-30 03:00:00,0.3896,0.24876842351813447
2024-03-30 12:00:00,0.3932,0.586577592737928
2024-03-30 15:00:00,0.5714,0.5959948059060196
2024-03-30 19:00:00,0.5132,0.6169067353967653
2024-03-30 20:00:00,0.5856,0.3506928385603169
2024-03-31 02:00:00,0.3697999999999999,0.3151771362089263
2024-03-31 08:00:00,0.8558,0.8276017550709942
2024-03-31 13:00:00,0.3435999999999999,0.4458693349123271
2024-03-31 21:00:00,0.4814,0.3607644879806877
2024-04-01 13:00:00,0.73,0.5818194386113338
2024-04-01 17:00:00,0.8053999999999999,0.7796453482238974
2024-04-01 23:00:00,0.412,0.43231033193629825
2024-04-02 07:00:00,0.9636,0.8775025744785436
2024-04-02 15:00:00,0.8282,0.743766203741185
2024-04-03 00:00:00,0.348,0.4626852786546719
2024-04-03 06:00:00,0.6532,0.579065091798906
2024-04-03 07:00:00,1.0468000000000002,0.8329507824137423
2024-04-03 13:00:00,0.6652,0.7372821493205544
2024-04-03 15:00:00,0.885,0.7601260740037157
2024-04-03 17:00:00,1.0266000000000002,0.8868473229988179
2024-04-03 19:00:00,0.7124,0.6220922294381201
2024-04-04 01:00:00,0.293,0.40198286968071273
2024-04-04 13:00:00,0.6824,0.6750101813257252
2024-04-04 14:00:00,0.6666,0.6827087772400056
2024-04-04 17:00:00,0.9736,0.9001411860303963
2024-04-04 20:00:00,0.4694,0.3993652884517559
2024-04-05 04:00:00,0.3762,0.29057109318591506
2024-04-05 07:00:00,0.9798,0.8814926918180601
2024-04-05 10:00:00,0.8384,0.8863008310778206
2024-04-05 19:00:00,0.5674,0.5854558591508103
2024-04-05 20:00:00,0.477,0.5067666246344441
2024-04-06 07:00:00,0.7005999999999999,0.6261434269484474
2024-04-06 08:00:00,0.662,0.8171431288665705
2024-04-06 11:00:00,0.3633999999999999,0.6833726820732189
2024-04-07 06:00:00,0.4495999999999999,0.36144228555423513
2024-04-07 08:00:00,0.7633999999999999,0.6706314498035018
2024-04-07 13:00:00,0.501,0.3805462353610035
2024-04-07 15:00:00,0.3012,0.38750018174987066
2024-04-07 17:00:00,0.658,0.5899462798166739
2024-04-08 05:00:00,0.3644,0.49315062305016677
2024-04-08 16:00:00,0.8724000000000001,0.7769445785829663
2024-04-08 20:00:00,0.592,0.5374443892502019
2024-04-09 06:00:00,0.752,0.6761002615811984
2024-04-09 20:00:00,0.4901999999999999,0.6378740261572919
2024-04-09 23:00:00,0.3104,0.49159003532915935
2024-04-10 12:00:00,0.7,0.7245366706085818
2024-04-10 13:00:00,0.7268,0.7385156953136436
2024-04-10 15:00:00,0.982,0.7598866201891599
2024-04-10 23:00:00,0.4096000000000001,0.342840762583739
2024-04-11 07:00:00,1.0978,0.899484443745626
2024-04-11 20:00:00,0.4459999999999999,0.54536198661637
2024-04-12 12:00:00,0.748,0.7321573050738923
2024-04-12 15:00:00,0.7314,0.7670773448603545
2024-04-12 17:00:00,0.9466,0.8175351347700519
2024-04-13 05:00:00,0.3092,0.2520638109317423
2024-04-13 16:00:00,0.5202,0.594813633955137
2024-04-13 17:00:00,0.728,0.6618859827508561
2024-04-13 23:00:00,0.335,0.30106116730948385
2024-04-14 01:00:00,0.2834,0.3809366428824674
2024-04-14 09:00:00,0.6022000000000001,0.6126014096865734
2024-04-14 11:00:00,0.4748,0.49610507786918184
2024-04-14 12:00:00,0.5136000000000001,0.46947855197241256
2024-04-14 13:00:00,0.3748,0.4346114086789683
2024-04-14 20:00:00,0.5414,0.4902553652210936
2024-04-14 23:00:00,0.3482,0.360423224330834
2024-04-15 02:00:00,0.2606,0.48161703495437697
2024-04-15 19:00:00,0.6896,0.7333936699292809
2024-04-15 20:00:00,0.6056,0.6395418452969768
2024-04-15 21:00:00,0.3869999999999999,0.5170057538239661
2024-04-16 01:00:00,0.368,0.4491858568444375
2024-04-16 02:00:00,0.2258,0.36520507992816326
2024-04-16 03:00:00,0.1376,0.33920775578975915
2024-04-16 14:00:00,0.5946,0.7683535056327029
2024-04-17 05:00:00,0.5454,0.4143758946315329
2024-04-18 01:00:00,0.473,0.41070997340814164
2024-04-18 04:00:00,0.261,0.24983833849978054
2024-04-18 06:00:00,0.7734,0.6239649699569338
2024-04-18 08:00:00,0.9994,0.9785230000498608
2024-04-18 11:00:00,0.6856,0.7366596297930779
2024-04-18 12:00:00,0.7969999999999999,0.7558967747856091
2024-04-19 10:00:00,0.8162,0.8163048134581783
2024-04-19 13:00:00,0.6788,0.6957100702640171
2024-04-19 17:00:00,0.8738,0.8051386509631584
2024-04-20 07:00:00,0.6472,0.7288940229006307
2024-04-20 11:00:00,0.451,0.6080694050384723
2024-04-20 12:00:00,0.5055999999999999,0.5199201292401401
2024-04-20 22:00:00,0.344,0.37590892195010556
2024-04-21 01:00:00,0.3961999999999999,0.3978136224399895
2024-04-21 06:00:00,0.4412,0.4243233620581704
2024-04-21 07:00:00,0.5206,0.5670362549119927
2024-04-21 08:00:00,0.8206,0.6092725607111067
2024-04-21 10:00:00,0.5062,0.5763678277883839
2024-04-21 11:00:00,0.2788,0.5049642311876821
2024-04-22 00:00:00,0.4698,0.48535894010546415
2024-04-22 06:00:00,0.8857999999999999,0.5887486155428765
2024-04-22 09:00:00,0.9052,0.8887439628629996
2024-04-22 12:00:00,0.7756,0.7636656942548072
2024-04-22 19:00:00,0.5893999999999999,0.5985255394187192
2024-04-22 20:00:00,0.6197999999999999,0.5268098270342145
2024-04-23 00:00:00,0.4784,0.44090931291339636
2024-04-23 10:00:00,0.8132,0.917513676671732
2024-04-23 17:00:00,0.8916,0.8483472787159925
2024-04-23 18:00:00,0.76,0.7540717824339129
2024-04-24 03:00:00,0.2725999999999999,0.2738566997226177
2024-04-24 04:00:00,0.2206,0.341785033002724
2024-04-24 06:00:00,0.7906,0.5833264217219833
2024-04-24 14:00:00,0.7370000000000001,0.7725869000209742
2024-04-24 16:00:00,0.8294,0.7388552482111317
2024-04-24 17:00:00,0.8306,0.8241609771541409
2024-04-25 12:00:00,0.6912,0.7497866254647743
2024-04-25 15:00:00,0.8174,0.7477298705022957
2024-04-25 18:00:00,0.6013999999999999,0.7163403803178248
2024-04-25 19:00:00,0.669,0.5899613862390402
2024-04-26 00:00:00,0.612,0.45933329622977154
2024-04-26 11:00:00,0.6098,0.7480078207710725
2024-04-26 16:00:00,0.8486,0.7848318396763299
2024-04-26 17:00:00,0.869,0.7979687728283473
2024-04-26 18:00:00,0.6674,0.6995251948585741
2024-04-27 10:00:00,0.6208,0.5907930223391646
2024-04-27 11:00:00,0.4805999999999999,0.5654904213034497
2024-04-28 04:00:00,0.3444,0.26708812621074385
2024-04-28 08:00:00,0.7884,0.7361791338360675
2024-04-28 10:00:00,0.5291999999999999,0.6516486696455028
2024-04-28 12:00:00,0.5566,0.407834089991301
2024-04-28 17:00:00,0.6703999999999999,0.6028315524267833
2024-04-28 18:00:00,0.6406,0.5491037483018384
2024-04-29 03:00:00,0.3368,0.37411150835284174
2024-04-29 08:00:00,1.148,0.985104700529061
2024-04-29 15:00:00,0.7776000000000001,0.6516748501105352
2024-04-29 23:00:00,0.3456,0.4349462943632462
2024-04-30 03:00:00,0.2882,0.3575612923913299
2024-04-30 11:00:00,0.5224000000000001,0.7647580282520259
2024-04-30 20:00:00,0.4389999999999999,0.606053570349816
2024-04-30 23:00:00,0.4274,0.4214542407644562
2024-05-01 00:00:00,0.4946,0.4968081863572582
2024-05-01 01:00:00,0.3833999999999999,0.4036413562831289
2024-05-01 02:00:00,0.2669999999999999,0.31350609673202057
2024-05-01 03:00:00,0.2746,0.31560564346623143
2024-05-01 04:00:00,0.2816,0.35136116424337693
2024-05-01 05:00:00,0.4536,0.3594634157677101
2024-05-01 08:00:00,0.9874,0.9829798152105782
2024-05-01 17:00:00,0.7778,0.7787968610965297
2024-05-01 20:00:00,0.4956,0.5507197915241103
2024-05-02 03:00:00,0.1894,0.2666093553642395
2024-05-02 09:00:00,0.8051999999999999,0.9882270775836712
2024-05-02 13:00:00,0.8324,0.7570590673951236
2024-05-02 14:00:00,0.8252000000000002,0.8525180471922886
2024-05-02 17:00:00,0.8906000000000001,0.7333547650162893
2024-05-02 18:00:00,0.7,0.7609628798136574
2024-05-03 05:00:00,0.2852,0.4423356209109664
2024-05-03 11:00:00,0.8331999999999999,0.8870659405021661
2024-05-03 16:00:00,0.8318,0.8295286170043912
2024-05-03 17:00:00,0.9638,0.843032895452891
2024-05-04 00:00:00,0.444,0.3187355366920061
2024-05-04 02:00:00,0.2624,0.19581540963733102
2024-05-04 05:00:00,0.4824,0.2373829398553436
2024-05-04 08:00:00,0.7996000000000001,0.7453133654473472
2024-05-04 18:00:00,0.6646,0.653462098083313
2024-05-05 06:00:00,0.4254,0.3720022731713456
2024-05-05 11:00:00,0.362,0.5156595373899832
2024-05-05 16:00:00,0.6708,0.5075377097358892
2024-05-05 21:00:00,0.401680195246003,0.3119747341374399
2024-05-06 00:00:00,0.4828,0.5167370805313631
2024-05-06 01:00:00,0.3068,0.5204830661110972
2024-05-06 02:00:00,0.2663999999999999,0.408169629399442
2024-05-06 03:00:00,0.1118,0.3734872731336407
2024-05-06 12:00:00,0.7534,0.7495228539084298
2024-05-06 17:00:00,0.8972,0.8494510153480439
2024-05-07 00:00:00,0.4852,0.48187343956582035
2024-05-07 02:00:00,0.4821999999999999,0.36500647936747566
2024-05-07 15:00:00,0.7867999999999999,0.8286547067022711
2024-05-07 19:00:00,0.6274,0.8225401180020224
2024-05-07 20:00:00,0.4076,0.5484899946845971
2024-05-07 21:00:00,0.4402,0.37951061852924417
2024-05-07 23:00:00,0.398,0.4464935236882241
2024-05-08 02:00:00,0.3369999999999999,0.4368244855001621
2024-05-08 05:00:00,0.4105999999999999,0.38065775169529975
2024-05-08 07:00:00,0.861,0.8108147293936538
2024-05-08 10:00:00,0.8308,0.8701978049690346
2024-05-08 11:00:00,0.7484,0.8278802737125137
2024-05-08 15:00:00,0.8578,0.742356484809997
2024-05-08 17:00:00,0.8029999999999999,0.845892128984052
2024-05-08 18:00:00,0.8216000000000001,0.7890488985860553
2024-05-09 08:00:00,1.1346,0.9647386147282071
2024-05-09 19:00:00,0.6541999999999999,0.6421374169465427
2024-05-09 20:00:00,0.5528,0.5398246952824268
2024-05-09 22:00:00,0.4354,0.40977152782710213
2024-05-10 02:00:00,0.2434,0.3676814410235427
2024-05-10 04:00:00,0.4618,0.32882218873409524
2024-05-10 05:00:00,0.4962,0.4667598229107762
2024-05-10 06:00:00,0.7183999999999999,0.625387291872677
2024-05-10 09:00:00,0.848,0.9203791423609138
2024-05-10 10:00:00,0.657,0.8392922695055296
2024-05-10 11:00:00,0.6864,0.7342149088933168
2024-05-11 03:00:00,0.1794,0.16276044649042434
2024-05-11 05:00:00,0.2166,0.3181344661685436
2024-05-11 06:00:00,0.408,0.4491553803016701
2024-05-11 07:00:00,0.644,0.6214545032259216
2024-05-11 19:00:00,0.7968,0.5010018859970395
2024-05-12 01:00:00,0.3734,0.3416328417167007
2024-05-12 05:00:00,0.3026,0.25848553056111806
2024-05-12 06:00:00,0.4322,0.3877125190378053
2024-05-12 09:00:00,0.7756,0.6675803246012115
2024-05-12 15:00:00,0.4326,0.4844495122042806
2024-05-12 20:00:00,0.4234,0.39550303759397365
2024-05-13 14:00:00,0.7006,0.6954821175718044
2024-05-13 17:00:00,0.831,0.8103107663361047
2024-05-13 19:00:00,0.5784,0.7006303504962033
2024-05-14 02:00:00,0.2774,0.40434034824683496
2024-05-14 03:00:00,0.1946,0.3412423660155056
2024-05-14 10:00:00,0.6374,0.8812913156124011
2024-05-14 14:00:00,0.785,0.7690235816102391
2024-05-14 15:00:00,0.8597999999999999,0.8005172036425205
2024-05-14 21:00:00,0.4442,0.4333908572358528
2024-05-15 01:00:00,0.4048,0.4353104227256261
2024-05-15 19:00:00,0.6648000000000001,0.6071102930570416
2024-05-15 22:00:00,0.3086,0.4438811029931541
2024-05-16 14:00:00,0.8388,0.8140786739622652
2024-05-16 17:00:00,0.827,0.8563119757003144
2024-05-16 20:00:00,0.5492,0.5304146453036389
2024-05-16 23:00:00,0.3842,0.4149450692773537
2024-05-17 01:00:00,0.254,0.3922078199219543
2024-05-17 04:00:00,0.2342,0.3066101937529065
2024-05-17 05:00:00,0.4076,0.3947812819749217
2024-05-17 20:00:00,0.4616,0.6121680460971555
2024-05-18 00:00:00,0.3746,0.24773690289290606
2024-05-18 07:00:00,0.6226,0.6569371203117024
2024-05-18 09:00:00,0.6557999999999999,0.811290093443201
2024-05-18 10:00:00,0.4734,0.6463901801463914
2024-05-18 11:00:00,0.3722,0.5546135002622409
2024-05-18 13:00:00,0.4154,0.47948954465383753
2024-05-18 17:00:00,0.7952,0.6868794756781622
2024-05-18 21:00:00,0.4357999999999999,0.3777352694705784
2024-05-19 05:00:00,0.2678,0.30975805034972687
2024-05-19 07:00:00,0.7064,0.5622803839589967
2024-05-19 08:00:00,0.7298,0.7310709916574796
2024-05-19 16:00:00,0.5542,0.48615627548631263
2024-05-19 21:00:00,0.4232,0.4561345797370819
2024-05-19 22:00:00,0.4175999999999999,0.3697043886104706
2024-05-20 01:00:00,0.3778,0.5085219096786424
2024-05-20 05:00:00,0.3952,0.3850593138271689
2024-05-20 10:00:00,0.8278000000000001,0.79063848311104
2024-05-20 13:00:00,0.8572,0.7127390801341049
2024-05-20 17:00:00,0.9654,0.8145269106192481
2024-05-21 05:00:00,0.3848,0.39708391944794785
2024-05-21 21:00:00,0.3614,0.45187081542175944
2024-05-21 23:00:00,0.3328,0.36723983182366726
2024-05-22 11:00:00,0.7148,0.776657855209345
2024-05-22 16:00:00,0.8782000000000001,0.8713645310215015
2024-05-23 02:00:00,0.1582,0.34849602532585655
2024-05-23 03:00:00,0.2102,0.24900252116887395
2024-05-23 04:00:00,0.1978,0.2518008535715965
2024-05-23 05:00:00,0.3392,0.3890281148677155
2024-05-23 14:00:00,0.772,0.7631570370955734
2024-05-23 20:00:00,0.4631999999999999,0.529546343499415
2024-05-24 02:00:00,0.0,0.28281618050868906
2024-05-24 05:00:00,0.3954,0.3903832438163515
2024-05-24 06:00:00,0.7096,0.6857650132082886
2024-05-24 09:00:00,0.9644,0.9077389537820346
2024-05-24 22:00:00,0.3884,0.47236532291839456
2024-05-25 07:00:00,0.679,0.7626177693701235
2024-05-25 08:00:00,0.717,0.7778193937269064
2024-05-25 11:00:00,0.5076,0.565533417887669
2024-05-25 13:00:00,0.5024,0.4705625551297794
2024-05-25 14:00:00,0.4135999999999999,0.5938224008226385
2024-05-25 17:00:00,0.7597999999999999,0.6249146687406097
2024-05-26 00:00:00,0.3104,0.28836689185141706
2024-05-26 02:00:00,0.3728,0.3155525931700878
2024-05-26 07:00:00,0.7706,0.5411391805332428
2024-05-26 18:00:00,0.6736,0.6586453942235619
2024-05-27 15:00:00,0.9176,0.6455240301976357
2024-05-27 16:00:00,0.9436,0.7771871762247937
2024-05-27 20:00:00,0.5522,0.6408276538180149
2024-05-28 07:00:00,1.1726,0.8888003239829878
2024-05-28 10:00:00,0.7382,0.8328150736350066
2024-05-28 12:00:00,0.7942,0.8070423014308885
2024-05-28 13:00:00,0.7138,0.7662721803277173
2024-05-28 15:00:00,0.7955999999999999,0.8662369114489221
2024-05-28 16:00:00,0.8506,0.887878738202422
2024-05-28 20:00:00,0.4568,0.606608868284702
2024-05-28 22:00:00,0.3926,0.4321193896992704
2024-05-29 21:00:00,0.3338,0.4167958961922134
2024-05-31 05:00:00,0.3352,0.43220932437115644
2024-05-31 14:00:00,0.8758,0.746725902840998
2024-05-31 15:00:00,0.8142,0.8512707875836225
2024-06-01 01:00:00,0.3494,0.22522855543919393
2024-06-01 02:00:00,0.3508,0.2561694411866582
2024-06-01 15:00:00,0.4049999999999999,0.573153588400374
2024-06-02 05:00:00,0.254,0.23342420562004113
2024-06-02 08:00:00,0.8994,0.7280639757335752
2024-06-02 13:00:00,0.3444,0.4734180465674022
2024-06-02 14:00:00,0.4906,0.4077035308167921
2024-06-02 20:00:00,0.632,0.4655103315976451
2024-06-03 08:00:00,0.9956,1.024593447947337
2024-06-03 13:00:00,0.771,0.5992831985997013
2024-06-03 16:00:00,0.9784,0.7947730823920232
2024-06-03 20:00:00,0.5988,0.65554263566086
2024-06-04 08:00:00,0.9856,1.006007637714066
2024-06-04 19:00:00,0.736,0.6776584466850419
2024-06-04 21:00:00,0.2425999999999999,0.4625808641993797
2024-06-05 00:00:00,0.3763999999999999,0.44865644020165224
2024-06-05 01:00:00,0.3524,0.40069577287263025
2024-06-05 03:00:00,0.3024,0.28445722249769956
2024-06-05 19:00:00,0.6097999999999999,0.7127688392501361
2024-06-06 11:00:00,0.9548,0.8872995163528443
2024-06-06 23:00:00,0.3356,0.3981697071979045
2024-06-07 00:00:00,0.407,0.4273850385041645
2024-06-07 03:00:00,0.2636,0.2753946654991753
2024-06-07 04:00:00,0.3116,0.3694728792701189
2024-06-07 06:00:00,0.3828,0.6037797016974835
2024-06-07 13:00:00,0.5364,0.6488808489303091
2024-06-07 17:00:00,0.7304,0.761931443070746
2024-06-07 22:00:00,0.4124,0.4445880190244693
2024-06-07 23:00:00,0.2828,0.3998829111874633
2024-06-08 07:00:00,0.6056,0.5776468097748099
2024-06-08 11:00:00,0.4648,0.44955954934878345
2024-06-08 14:00:00,0.4488,0.366137383682017
2024-06-09 04:00:00,0.2846,0.1996728688794542
2024-06-09 17:00:00,0.7018,0.6261831237981456
2024-06-10 02:00:00,0.2254,0.48647033098366677
2024-06-10 06:00:00,0.716,0.59992311213961
2024-06-10 17:00:00,0.9092,0.8091066044917394
2024-06-10 22:00:00,0.389,0.4876396877241291
2024-06-11 05:00:00,0.3802,0.48001174109493844
2024-06-11 06:00:00,0.726,0.635885370204909
2024-06-11 20:00:00,0.5875999999999999,0.62137561086739
2024-06-11 23:00:00,0.5198,0.4448978702370819
2024-06-12 01:00:00,0.3536,0.4230728864094013
2024-06-12 10:00:00,0.657,0.8258628381468673
2024-06-12 15:00:00,0.8812,0.764514359301371
2024-06-12 21:00:00,0.3601999999999999,0.518334312019809
2024-06-12 22:00:00,0.4492,0.40589298624440845
2024-06-13 00:00:00,0.4363999999999999,0.4026032095572555
2024-06-13 02:00:00,0.3376,0.3350417903295557
2024-06-13 06:00:00,0.8128,0.49087535877757443
2024-06-13 22:00:00,0.3206,0.43299487776829976
2024-06-14 00:00:00,0.4577999999999999,0.39415837720435454
2024-06-14 03:00:00,0.2972,0.2309917730692406
2024-06-14 06:00:00,0.7142,0.7048398324945966
2024-06-14 08:00:00,1.0326,1.0329796709919987
2024-06-14 09:00:00,1.004,0.9972799771028398
2024-06-14 10:00:00,0.8356000000000001,0.9147104119100165
2024-06-14 12:00:00,0.6762,0.761863802605498
2024-06-14 20:00:00,0.5432,0.5573291687004618
2024-06-15 00:00:00,0.4774,0.29208888632166075
2024-06-15 01:00:00,0.3686,0.30739502182752854
2024-06-15 04:00:00,0.1654,0.20782772212880068
2024-06-15 06:00:00,0.4482,0.47444632996565045
2024-06-15 11:00:00,0.3866,0.6676315058895084
2024-06-15 17:00:00,0.8863999999999999,0.70673843344248
2024-06-15 18:00:00,0.6812,0.7702463528493562
2024-06-15 19:00:00,0.7052,0.546777251992397
2024-06-16 07:00:00,0.7252,0.6822137968413837
2024-06-16 19:00:00,0.6998,0.656363248371936
2024-06-16 20:00:00,0.4784,0.5498792549398726
2024-06-17 03:00:00,0.1798,0.39286563894371873
2024-06-18 02:00:00,0.334,0.29540529071570154
2024-06-18 09:00:00,0.9644,0.975150360724619
2024-06-18 11:00:00,0.7206,0.9447968076476265
2024-06-18 14:00:00,0.8086,0.7952732016351389
2024-06-18 15:00:00,0.7824,0.8432478399017171
2024-06-18 16:00:00,0.9902,0.9233135475888901
2024-06-18 19:00:00,0.6534,0.7565641255852744
2024-06-19 01:00:00,0.386,0.31884286306869114
2024-06-19 02:00:00,0.2482,0.3672682266926725
2024-06-19 15:00:00,0.9128,0.767108907810919
2024-06-20 00:00:00,0.5449999999999999,0.4349043680784858
2024-06-20 04:00:00,0.3232,0.2604347713287527
2024-06-20 14:00:00,0.7666,0.7459767544629472
2024-06-20 19:00:00,0.9578,0.6870854207286483
2024-06-20 22:00:00,0.4453999999999999,0.35784307949534905
2024-06-21 04:00:00,0.2706,0.3480022900766814
2024-06-21 08:00:00,1.1586,1.061693311695239
2024-06-21 09:00:00,0.898,1.0518358957065412
2024-06-21 11:00:00,0.6918000000000001,0.8023021746881924
2024-06-21 15:00:00,0.8308,0.9195707657296788
2024-06-21 17:00:00,1.0966,0.9170554861553084
2024-06-21 18:00:00,0.9718,0.915678716738584
2024-06-21 22:00:00,0.407,0.48397224952799756
2024-06-22 04:00:00,0.1496,0.17129192650994596
2024-06-22 06:00:00,0.4312,0.4791677663786343
2024-06-22 11:00:00,0.4509999999999999,0.5428014586503189
2024-06-22 12:00:00,0.5258,0.6315271931288501
2024-06-22 19:00:00,0.6409999999999999,0.6411553635165173
2024-06-22 21:00:00,0.4268,0.4536960548874743
2024-06-22 23:00:00,0.4155999999999999,0.24029807206037523
2024-06-23 17:00:00,0.8283999999999999,0.6494412262825201
2024-06-23 22:00:00,0.4356,0.3426078294313489
2024-06-24 00:00:00,0.4244,0.4344019269813642
2024-06-24 04:00:00,0.2248,0.3689363730735441
2024-06-24 08:00:00,0.9978,0.9320459314541976
2024-06-24 15:00:00,0.8508,0.7871934844504502
2024-06-24 16:00:00,0.867,0.7399403072028046
2024-06-24 22:00:00,0.4528,0.47178361885751824
2024-06-25 04:00:00,0.275,0.31161907761960694
2024-06-25 10:00:00,0.8392,0.9125684716627867
2024-06-25 20:00:00,0.5237999999999999,0.5218341488188672
2024-06-26 04:00:00,0.3342,0.2667497077357427
2024-06-26 05:00:00,0.3654,0.39186442770597557
2024-06-26 11:00:00,0.7918000000000001,0.7747040301843104
2024-06-26 16:00:00,0.8646,0.9032397901990126
2024-06-26 22:00:00,0.3452,0.41935878590799264
2024-06-27 00:00:00,0.5548000000000001,0.4163103004871051
2024-06-27 02:00:00,0.3412,0.2964219764040685
2024-06-27 06:00:00,0.7470000000000001,0.5433271240721104
2024-06-27 16:00:00,0.9622,0.844598108507653
2024-06-27 19:00:00,0.653,0.5883734564703615
2024-06-27 22:00:00,0.443,0.41518892372033694
2024-06-28 03:00:00,0.2096,0.29915558292778843
2024-06-28 18:00:00,0.8555999999999999,0.8038230656130205
2024-06-28 19:00:00,0.6122,0.7120907589022618
2024-06-28 20:00:00,0.5690000000000001,0.5091606987923578
2024-06-28 23:00:00,0.2872,0.42104506373392975
2024-06-29 13:00:00,0.3844,0.5258305435088677
2024-06-29 23:00:00,0.4357999999999999,0.2589060755143602
2024-06-30 08:00:00,0.819,0.7424056796060814
2024-06-30 09:00:00,0.5998,0.6800150802542986
2024-06-30 11:00:00,0.3177999999999999,0.5412824191521797
2024-06-30 13:00:00,0.4157999999999999,0.4441547918895223
2024-06-30 14:00:00,0.536,0.5269481801357543
2024-06-30 16:00:00,0.6379999999999999,0.5902707722572542
2024-06-30 19:00:00,0.5167999999999999,0.6910856770220151
2024-06-30 21:00:00,0.3674,0.4494707692748787
2024-06-30 22:00:00,0.3855999999999999,0.3503891477670461
2024-07-01 08:00:00,1.0376,0.9478088196079772
2024-07-01 22:00:00,0.3896,0.4957374355443425
2024-07-01 23:00:00,0.2897999999999999,0.4408247750663427
2024-07-02 05:00:00,0.504,0.4470295778994147
2024-07-02 06:00:00,0.7110000000000001,0.6589866003292726
2024-07-02 07:00:00,0.9242,0.8758734904458676
2024-07-02 08:00:00,1.0586,1.0104260547203077
2024-07-02 09:00:00,0.9782,1.0706976323263313
2024-07-02 13:00:00,0.7869999999999999,0.8885212815995756
2024-07-02 18:00:00,0.7636,0.9074138855392828
2024-07-02 19:00:00,0.6886,0.7045192306987429
2024-07-02 23:00:00,0.3084,0.3699543991241964
2024-07-03 00:00:00,0.3915999999999999,0.39308328020959915
2024-07-03 02:00:00,0.3464,0.360554743640247
2024-07-03 06:00:00,0.9122,0.623325312050698
2024-07-03 09:00:00,1.0134,1.029417856365703
2024-07-03 17:00:00,0.9544,0.8886226938630213
2024-07-03 19:00:00,0.6486,0.6848067118683965
2024-07-03 20:00:00,0.5466,0.5715356252066255
2024-07-04 00:00:00,0.4412,0.3223621570682076
2024-07-04 02:00:00,0.4151999999999999,0.3535862475610685
2024-07-04 04:00:00,0.304,0.27230796912163036
2024-07-04 05:00:00,0.4217999999999999,0.4138978957782278
2024-07-04 18:00:00,0.8360000000000001,0.7627245639999063
2024-07-05 06:00:00,0.7692000000000001,0.5778440476596569
2024-07-05 10:00:00,0.9008,0.8884570605505249
2024-07-05 21:00:00,0.3258,0.4621569357919753
2024-07-06 00:00:00,0.4292,0.28169775664746105
2024-07-06 07:00:00,0.8328000000000001,0.771142626960194
2024-07-06 08:00:00,0.7762000000000001,0.8485150521202596
2024-07-06 11:00:00,0.4114,0.7231177245035907
2024-07-06 16:00:00,0.7424,0.7326364188458838
2024-07-06 18:00:00,0.8208,0.697838855686642
2024-07-06 22:00:00,0.4868,0.45285496808443854
2024-07-07 10:00:00,0.5105999999999999,0.6704610419910628
2024-07-07 15:00:00,0.746,0.5806948733718527
2024-07-07 19:00:00,0.6158,0.6638010232581111
2024-07-08 04:00:00,0.2986,0.43049278999428625
2024-07-08 10:00:00,0.8944000000000001,0.7617361821732946
2024-07-08 20:00:00,0.5690000000000001,0.748506690441527
2024-07-09 02:00:00,0.2718,0.45603328166639434
2024-07-09 18:00:00,0.8064,0.7694074023378956
2024-07-09 20:00:00,0.6093999999999999,0.6523191612870114
2024-07-10 01:00:00,0.3754,0.46353723675183317
2024-07-10 02:00:00,0.3561999999999999,0.3300820408789444
2024-07-10 04:00:00,0.3998,0.31940925657750185
2024-07-10 22:00:00,0.4628,0.43781883286364237
2024-07-11 02:00:00,0.2678,0.3705913118230935
2024-07-11 04:00:00,0.247,0.32483116177211835
2024-07-11 10:00:00,0.9012,0.8129508273281378
2024-07-11 11:00:00,0.6702,0.8209369542607676
2024-07-11 13:00:00,0.7716000000000001,0.8032827900865913
2024-07-11 20:00:00,0.4358,0.5494887739024689
2024-07-11 23:00:00,0.3646,0.4117392730690101
2024-07-12 01:00:00,0.3362,0.4897930442606088
2024-07-12 02:00:00,0.2395999999999999,0.3294223389527322
2024-07-12 12:00:00,0.7772,0.8830589336471353
2024-07-12 14:00:00,0.8536000000000001,0.7778819017568959
2024-07-12 17:00:00,1.017,0.8845207383042519
2024-07-12 21:00:00,0.4218,0.5065027888341351
2024-07-12 23:00:00,0.3972,0.3883857195637646
2024-07-13 01:00:00,0.3626,0.26699196753662147
2024-07-13 08:00:00,0.764,0.8830910406663341
2024-07-13 19:00:00,0.7203999999999999,0.5765708329150427
2024-07-13 23:00:00,0.3637999999999999,0.3448351747787483
2024-07-14 05:00:00,0.2168,0.320075256959423
2024-07-14 07:00:00,0.653,0.6922474519586312
2024-07-14 08:00:00,0.8428,0.7068563523086557
2024-07-15 00:00:00,0.421,0.4454224282666985
2024-07-15 02:00:00,0.2548,0.4204836004581868
2024-07-15 04:00:00,0.3862,0.3104696655312019
2024-07-15 06:00:00,0.7776,0.5886842375548205
2024-07-15 07:00:00,1.1014,0.7980784572875961
2024-07-15 09:00:00,0.9836,0.9137646967819963
2024-07-15 12:00:00,0.8854,0.6656430261416086
2024-07-15 13:00:00,0.8638,0.7968163224886153
2024-07-15 20:00:00,0.5972,0.6782977077665211
2024-07-16 02:00:00,0.3385999999999999,0.367113364272587
2024-07-16 17:00:00,0.979,0.967000441947875
2024-07-16 18:00:00,0.6776,0.8493827564023126
2024-07-17 12:00:00,0.8280000000000001,0.7846108827853986
2024-07-17 17:00:00,0.9926,0.9155907558053198
2024-07-17 19:00:00,0.7098,0.7151730472080475
2024-07-18 03:00:00,0.2547999999999999,0.32711645021089725
2024-07-18 10:00:00,0.9044,0.9079738208591728
2024-07-18 13:00:00,0.6568,0.8444222756857378
2024-07-18 15:00:00,1.4632,0.8334820673618615
2024-07-18 19:00:00,0.6443999999999999,0.7470699252110475
2024-07-18 21:00:00,0.3692,0.4317333523689596
2024-07-19 00:00:00,0.6302,0.36969473379805434
2024-07-19 11:00:00,0.996,0.8994356191110391
2024-07-19 13:00:00,0.9336,0.7648613972133498
2024-07-19 18:00:00,0.8724,0.9662171436771394
2024-07-20 03:00:00,0.1774,0.2082171517465975
2024-07-20 08:00:00,0.9068,0.7709501808206016
2024-07-20 13:00:00,0.3651999999999999,0.7005541491360288
2024-07-20 14:00:00,0.361,0.5753511111828311
2024-07-20 17:00:00,0.711,0.7829314572057644
2024-07-20 19:00:00,0.6218,0.6210173069182796
2024-07-21 03:00:00,0.1757999999999999,0.2121213914614099
2024-07-21 06:00:00,0.4632,0.3392985891936915
2024-07-21 08:00:00,0.8306,0.8124847851910333
2024-07-21 10:00:00,0.6318,0.6266953095924201
2024-07-21 12:00:00,0.4942,0.5476292746211704
2024-07-21 14:00:00,0.5115999999999999,0.4174986126182441
2024-07-21 20:00:00,0.5228,0.5157364076138979
2024-07-22 08:00:00,1.1106,0.9369524612353142
2024-07-22 12:00:00,0.778,0.7087013354809086
2024-07-22 18:00:00,0.8767999999999999,0.8916693040219108
2024-07-22 22:00:00,0.3843999999999999,0.4633208340765505
2024-07-22 23:00:00,0.3501999999999999,0.40309585350063504
2024-07-23 05:00:00,0.5085999999999999,0.47361235654216033
2024-07-23 09:00:00,0.982,1.1514450476190219
2024-07-23 18:00:00,0.8462,0.8945028479432011
2024-07-24 09:00:00,1.0788,1.008502843860102
2024-07-24 17:00:00,0.9308,0.8820072955244542
2024-07-24 18:00:00,0.8217999999999999,0.8262515240865282
2024-07-24 23:00:00,0.3374,0.406653248086035
2024-07-25 00:00:00,0.494,0.35584174987814016
2024-07-25 02:00:00,0.343,0.4597757066575089
2024-07-25 03:00:00,0.1256,0.28503148634177655
2024-07-25 04:00:00,0.2334,0.2051267762416592
2024-07-25 05:00:00,0.4748,0.37011465874134264
2024-07-25 07:00:00,1.0326,0.8601221318090195
2024-07-25 09:00:00,0.8254,1.0778689584365948
2024-07-25 12:00:00,0.8986000000000001,0.816586241837074
2024-07-25 14:00:00,0.8832,0.8234070027687999
2024-07-25 17:00:00,1.009,0.9001740561987683
2024-07-25 19:00:00,0.7280000000000001,0.6879314831445715
2024-07-26 07:00:00,1.1505999999999998,0.9173697061258457
2024-07-26 09:00:00,0.992,0.9582246360500049
2024-07-26 11:00:00,0.7774000000000001,0.8453867259711143
2024-07-26 12:00:00,0.8712,0.8601560936147621
2024-07-26 16:00:00,0.9524,0.9588056571821151
2024-07-26 19:00:00,0.6752,0.7465051659840423
2024-07-27 09:00:00,0.7004,0.8098500354379436
2024-07-27 15:00:00,0.5752,0.6755940366695048
2024-07-27 16:00:00,0.8106,0.690737548513807
2024-07-27 21:00:00,0.4738,0.31289066046176284
2024-07-27 22:00:00,0.3704,0.37292845423579557
2024-07-28 00:00:00,0.3814,0.40006960899203214
2024-07-28 01:00:00,0.311,0.31163465436384696
2024-07-28 02:00:00,0.2143999999999999,0.29926579255535246
2024-07-28 05:00:00,0.3601999999999999,0.3415484678517873
2024-07-28 09:00:00,0.7293999999999999,0.7804280666398129
2024-07-28 14:00:00,0.5166,0.4961472975807705
2024-07-28 21:00:00,0.4158,0.4696963350107582
2024-07-28 22:00:00,0.458,0.35229877702266393
2024-07-28 23:00:00,0.3552,0.4007556893993028
2024-07-29 04:00:00,0.3414,0.39158804974085154
2024-07-29 05:00:00,0.2996,0.47869721667660403
2024-07-29 07:00:00,1.037,0.7885249094383193
2024-07-29 10:00:00,0.8513999999999999,0.798829954045633
2024-07-29 11:00:00,0.6884,0.6674470517845834
2024-07-29 12:00:00,0.8452,0.6762966117964289
2024-07-29 14:00:00,0.8313999999999999,0.7710698849665554
2024-07-29 23:00:00,0.489,0.4543495804832925
2024-07-30 09:00:00,1.056,1.062713949315908
2024-07-30 17:00:00,1.0342,0.9366673045369993
2024-07-31 10:00:00,0.8752,0.9534793536484178
2024-08-01 03:00:00,0.243,0.29238402430524874
2024-08-01 08:00:00,1.2176,0.9814650404522163
2024-08-01 11:00:00,0.9692,0.8685847895997492
2024-08-01 19:00:00,0.5589999999999999,0.718082650115071
2024-08-02 01:00:00,0.3236,0.3854384399502246
2024-08-02 02:00:00,0.2506,0.35523714321592526
2024-08-02 05:00:00,0.506,0.28478213408611697
2024-08-02 06:00:00,0.7306,0.7076508101772259
2024-08-02 08:00:00,1.0404,1.0775777933909074
2024-08-02 13:00:00,0.9188,0.8711649832690158
2024-08-02 16:00:00,1.0988,0.8788113997893874
2024-08-03 01:00:00,0.2614,0.31749053389484094
2024-08-03 02:00:00,0.2504,0.17748297209714123
2024-08-03 04:00:00,0.1688,0.10594335788871811
2024-08-03 11:00:00,0.4118,0.5555472774547259
2024-08-03 12:00:00,0.5008,0.6505708905317495
2024-08-03 17:00:00,0.7726,0.7524518227499288
2024-08-04 04:00:00,0.0848,0.18954731487571133
2024-08-05 01:00:00,0.4236,0.4416325163786261
2024-08-05 02:00:00,0.3634,0.4347919330539519
2024-08-05 06:00:00,0.69,0.6042452159624664
2024-08-05 08:00:00,1.0222,0.9465265260423945
2024-08-05 12:00:00,0.8116,0.7926569483008035
2024-08-05 18:00:00,0.8852,0.8408225369182438
2024-08-05 22:00:00,0.359,0.4348286637148886
2024-08-06 03:00:00,0.1804,0.2553778502005691
2024-08-06 06:00:00,0.6078,0.6267818041440911
2024-08-06 16:00:00,0.9848,0.9065378888730795
2024-08-06 17:00:00,1.065,0.9558674276972776
2024-08-06 20:00:00,0.5432,0.6642647290399737
2024-08-06 23:00:00,0.302,0.38081304044407305
2024-08-07 14:00:00,0.902,0.832513174759492
2024-08-07 22:00:00,0.4012,0.3742150628167801
2024-08-08 01:00:00,0.4538,0.3687903337611157
2024-08-08 04:00:00,0.2494,0.26300746414472187
2024-08-08 05:00:00,0.4228,0.3874133209813311
2024-08-08 07:00:00,1.0316,0.8200085712825791
2024-08-08 09:00:00,0.96,0.9869253610804867
2024-08-08 10:00:00,0.8912,0.8918832432683077
2024-08-08 14:00:00,0.8344,0.8330745018827808
2024-08-09 03:00:00,0.2092,0.32067808934890935
2024-08-09 04:00:00,0.3031999999999999,0.2922848769521981
2024-08-09 08:00:00,1.2224,1.0937970744845726
2024-08-09 20:00:00,0.584,0.633153388684353
2024-08-09 23:00:00,0.3884,0.3603018140364019
2024-08-10 02:00:00,0.215,0.3120944683299274
2024-08-10 05:00:00,0.2486,0.26018031780450085
2024-08-10 06:00:00,0.458,0.45101134605804677
2024-08-10 09:00:00,0.6197999999999999,0.8460253256027217
2024-08-10 17:00:00,0.7267999999999999,0.6910393690973293
2024-08-11 00:00:00,0.3601999999999999,0.296554924772937
2024-08-11 03:00:00,0.1712,0.23881476459046838
2024-08-11 07:00:00,0.6724,0.5807442440660677
2024-08-11 12:00:00,0.3955999999999999,0.5127837596855658
2024-08-11 16:00:00,0.596,0.5049338873546441
2024-08-12 11:00:00,0.6716,0.7882346479950311
2024-08-12 13:00:00,0.6566000000000001,0.7800500341539442
2024-08-13 03:00:00,0.2438,0.28065792345116747
2024-08-13 06:00:00,0.7598,0.6835369983902375
2024-08-13 13:00:00,0.8980000000000001,0.7458238655546627
2024-08-13 15:00:00,0.9018,0.8646941816958729
2024-08-13 19:00:00,0.604,0.6981682811379577
2024-08-13 22:00:00,0.3746,0.46020605382200147
2024-08-14 00:00:00,0.4654,0.3555766442660152
2024-08-14 05:00:00,0.5276000000000001,0.4012116889639753
2024-08-14 07:00:00,1.1044,0.8232148169625397
2024-08-14 19:00:00,0.7246,0.6723346100159235
2024-08-14 22:00:00,0.4292,0.3831901894267167
2024-08-15 03:00:00,0.1696,0.26925466893239547
2024-08-15 14:00:00,0.925,0.8214095353097675
2024-08-15 16:00:00,0.9264,0.9620393688434117
2024-08-15 20:00:00,0.4956,0.586167300664068
2024-08-15 22:00:00,0.3908,0.37834814647255216
2024-08-15 23:00:00,0.3296,0.3930964921138978
2024-08-16 04:00:00,0.3268,0.33885185735490453
2024-08-16 11:00:00,0.7212,0.9488748427906444
2024-08-16 12:00:00,0.7126,0.7540187010573589
2024-08-16 13:00:00,0.8172,0.8561985466408255
2024-08-16 14:00:00,0.9532,0.8782982872836207
2024-08-16 16:00:00,1.0474,0.9026610814911924
2024-08-16 22:00:00,0.5594,0.4126366464668014
2024-08-17 04:00:00,0.2288,0.224303142167732
2024-08-17 06:00:00,0.3348,0.44392948839413604
2024-08-17 08:00:00,0.8594,0.8503266464427821
2024-08-17 13:00:00,0.6060000000000001,0.6187593539652186
2024-08-17 16:00:00,0.6968000000000001,0.7014590290317282
2024-08-17 19:00:00,0.6646,0.6559059473454623
2024-08-18 03:00:00,0.2425999999999999,0.2450788796374935
2024-08-18 04:00:00,0.209,0.25144362499950945
2024-08-18 08:00:00,0.6609999999999999,0.7442044208942258
2024-08-18 11:00:00,0.6212,0.4520498610659745
2024-08-18 17:00:00,0.8176,0.6709153312092231
2024-08-18 20:00:00,0.4943999999999999,0.47917010108044084
2024-08-19 12:00:00,0.8648,0.6519773591876805
2024-08-19 13:00:00,0.7756000000000001,0.7816508008360477
2024-08-19 17:00:00,0.9624,0.8840694605630737
2024-08-19 20:00:00,0.6702,0.6356676871405796
2024-08-20 07:00:00,0.987,0.8891261068286402
2024-08-20 20:00:00,0.4736,0.6756810507042437
2024-08-21 03:00:00,0.339,0.2364839262867936
2024-08-21 06:00:00,0.6528,0.6407993070610596
2024-08-21 09:00:00,1.1034000000000002,0.9892124720367785
2024-08-21 13:00:00,0.8934,0.8180494738637754
2024-08-21 16:00:00,1.0126,0.8966081765548894
2024-08-22 01:00:00,0.3944,0.3658117289901183
2024-08-22 02:00:00,0.3254,0.30858133291869777
2024-08-22 03:00:00,0.2354,0.33868573908428595
2024-08-22 07:00:00,1.0466,0.873360726061279
2024-08-22 20:00:00,0.5358,0.55197335232412
2024-08-22 22:00:00,0.5297999999999999,0.4146038074362668
2024-08-22 23:00:00,0.2852,0.4290683557573823
2024-08-23 01:00:00,0.42,0.45594026327939474
2024-08-23 05:00:00,0.3638,0.4252539935587881
2024-08-23 07:00:00,0.9786,0.9655535978682974
2024-08-23 11:00:00,0.7532,0.7662985603036709
2024-08-23 12:00:00,0.9434,0.8319605124266869
2024-08-23 19:00:00,0.6274,0.7247938163010521
2024-08-23 23:00:00,0.2622,0.36086397202020026
2024-08-24 01:00:00,0.2858,0.3212115088133001
2024-08-24 02:00:00,0.2042,0.22940431552297874
2024-08-24 03:00:00,0.1868,0.21820021058849723
2024-08-24 08:00:00,0.694,0.7645257983182479
2024-08-24 09:00:00,0.6053999999999999,0.7299380703485865
2024-08-24 11:00:00,0.6302,0.6201824062577954
2024-08-25 04:00:00,0.317,0.20409328676830213
2024-08-25 17:00:00,0.6116,0.5451079571167115
2024-08-25 20:00:00,0.4423999999999999,0.540005506259635
2024-08-25 23:00:00,0.3716,0.43631214071839514
2024-08-26 01:00:00,0.3856,0.6050924539712754
2024-08-26 06:00:00,0.8462000000000001,0.5792696466698257
2024-08-26 13:00:00,0.746,0.7780057190287564
2024-08-26 22:00:00,0.3676,0.517003065030909
2024-08-26 23:00:00,0.3942,0.430089041912571
2024-08-27 02:00:00,0.3496,0.4287563282055032
2024-08-27 03:00:00,0.1406,0.3035002316189441
2024-08-27 05:00:00,0.4226,0.4713479759008479
2024-08-27 10:00:00,0.9414,0.9583398103825711
2024-08-27 17:00:00,0.985,0.9393358473719484
2024-08-27 23:00:00,0.355,0.40096058874672874
2024-08-28 08:00:00,1.1112,1.0061046962475912
2024-08-28 10:00:00,0.9608,0.9084684816681017
2024-08-28 12:00:00,0.7402,0.808928523544094
2024-08-28 20:00:00,0.4711999999999999,0.5457868651123722
2024-08-29 02:00:00,0.3184,0.32900488996430144
2024-08-29 15:00:00,0.9606,0.8368119742532967
2024-08-29 18:00:00,0.8758,0.8588754978525521
2024-08-29 20:00:00,0.5700000000000001,0.545149399848305
2024-08-30 01:00:00,0.3235999999999999,0.4258527375045039
2024-08-30 03:00:00,0.2904,0.26848760355514206
2024-08-30 06:00:00,0.6444,0.6869768269103977
2024-08-30 08:00:00,1.1208,1.0179452439903287
2024-08-30 14:00:00,0.83,0.7936817708699799
2024-08-30 19:00:00,0.7509999999999999,0.7917536133972383
2024-08-30 23:00:00,0.3631999999999999,0.4246325108053467
2024-08-31 00:00:00,0.4777999999999999,0.2985614054223309
2024-08-31 05:00:00,0.2766,0.2870761567505751
2024-08-31 06:00:00,0.5788,0.42593767939801797
2024-08-31 07:00:00,0.7532,0.7140492612361544
2024-08-31 18:00:00,0.7934,0.6843634695230136
2024-09-01 04:00:00,0.1435999999999999,0.2364494939454218
2024-09-01 06:00:00,0.5738000000000001,0.466181270421771
2024-09-01 14:00:00,0.484,0.4720481242447074
2024-09-01 15:00:00,0.6910000000000001,0.5395700969778289
2024-09-01 18:00:00,0.7968,0.677174880883286
2024-09-02 02:00:00,0.2874,0.3657730484958403
2024-09-02 07:00:00,1.0454,0.786361662499176
2024-09-02 10:00:00,0.8166,0.8262435999192561
2024-09-02 13:00:00,0.866,0.7801643199813317
2024-09-02 20:00:00,0.5503999999999999,0.6363399139691723
2024-09-02 23:00:00,0.3392,0.4157519748604731
2024-09-03 00:00:00,0.4806,0.3897417509569954
2024-09-03 14:00:00,0.7902,0.8374949947076231
2024-09-03 19:00:00,0.7036,0.7275233846473812
2024-09-04 21:00:00,0.401,0.40546727931321064
2024-09-04 22:00:00,0.3146,0.4085298314815885
2024-09-05 01:00:00,0.3716,0.38052171080875175
2024-09-05 03:00:00,0.286,0.29057493660395545
2024-09-05 06:00:00,0.758,0.5765644692373822
2024-09-05 07:00:00,1.0668,0.8613345281558518
2024-09-05 12:00:00,0.804,0.8762659792529304
2024-09-05 22:00:00,0.4045999999999999,0.3356720712143273
2024-09-06 03:00:00,0.2664,0.3167437619428676
2024-09-06 15:00:00,0.7114,0.7867833113861098
2024-09-06 16:00:00,0.942,0.8176248402715236
2024-09-06 17:00:00,0.8342,0.9511892461989977
2024-09-06 21:00:00,0.5252,0.4966520181787631
2024-09-07 05:00:00,0.1467999999999999,0.2868768211199118
2024-09-07 06:00:00,0.4243999999999999,0.40361085917619893
2024-09-08 01:00:00,0.4034,0.301192197262195
2024-09-09 16:00:00,0.8324,0.7439646242946194
2024-09-09 22:00:00,0.335,0.537488601008058
2024-09-10 01:00:00,0.3398,0.45765011762558383
2024-09-10 03:00:00,0.2096,0.3176595437875124
2024-09-10 12:00:00,0.8420000000000001,0.8725365115213088
2024-09-10 14:00:00,0.7044,0.833882402817339
2024-09-10 17:00:00,0.9988,0.8925305860503998
2024-09-10 18:00:00,0.9386,0.883992572205593
2024-09-11 12:00:00,0.7776,0.8517305613239903
2024-09-11 21:00:00,0.437,0.4341946529488876
2024-09-12 02:00:00,0.3534,0.2831634845323613
2024-09-12 04:00:00,0.4387999999999999,0.2044461976547198
2024-09-12 05:00:00,0.3116,0.46071099058692044
2024-09-12 13:00:00,1.7628,0.7478684603639354
2024-09-12 15:00:00,0.7576,0.9067758818040195
2024-09-12 19:00:00,0.7457999999999999,0.6784923689295979
2024-09-13 01:00:00,0.3266,0.4138091501222093
2024-09-13 03:00:00,0.332,0.26927019135273106
2024-09-13 04:00:00,0.408,0.43036379317154644
2024-09-13 06:00:00,0.712,0.5977639877077126
2024-09-13 07:00:00,1.0514,0.8849928666646143
2024-09-13 08:00:00,1.0506,1.0545791498061114
2024-09-13 17:00:00,1.0234,0.892624787710846
2024-09-13 21:00:00,0.389,0.47645551867384195
2024-09-13 22:00:00,0.422,0.38009104755240863
2024-09-14 05:00:00,0.2454,0.3328296485435679
2024-09-14 08:00:00,0.7876,0.8023333002469837
2024-09-14 13:00:00,0.4499999999999999,0.5785055695209612
2024-09-14 19:00:00,0.7018,0.6830160832354164
2024-09-14 21:00:00,0.3524,0.35304316398702795
2024-09-15 01:00:00,0.3286,0.3037206077908461
2024-09-15 05:00:00,0.4026,0.24877077923114327
2024-09-15 08:00:00,0.6779999999999999,0.726591660473457
2024-09-15 12:00:00,0.5364,0.37638334933682255
2024-09-15 14:00:00,0.4316,0.4951714965601788
2024-09-15 21:00:00,0.3548,0.3356712196247506
2024-09-16 00:00:00,0.3912,0.46425533708119177
2024-09-16 03:00:00,0.1883999999999999,0.3955379420992652
2024-09-16 09:00:00,0.9656,0.9744739085943432
2024-09-16 13:00:00,0.8964,0.7276412581781315
2024-09-16 14:00:00,0.685,0.7169245814222576
2024-09-16 22:00:00,0.4767999999999999,0.4787170246861307
2024-09-17 01:00:00,0.371,0.41683054875060993
2024-09-17 04:00:00,0.2878,0.36787042057257335
2024-09-17 15:00:00,0.8926000000000001,0.850726773295192
2024-09-18 04:00:00,0.2842,0.26078194207765915
2024-09-18 18:00:00,0.8191999999999999,0.830918056496819
2024-09-18 23:00:00,0.3805999999999999,0.41388527817450377
2024-09-19 02:00:00,0.3764,0.2868482146903921
2024-09-19 08:00:00,1.0364,1.016015487268493
2024-09-19 10:00:00,0.9722,0.8122808890046744
2024-09-19 13:00:00,0.7484,0.6729833789952582
2024-09-19 15:00:00,1.0046,0.8292296780486863
2024-09-19 16:00:00,0.9644,0.912004500647672
2024-09-19 22:00:00,0.4446,0.44484131835733726
2024-09-20 02:00:00,0.3238,0.41402602968305563
2024-09-20 08:00:00,1.126,1.0123772846603747
2024-09-20 22:00:00,0.4166,0.43826631762044577
2024-09-21 02:00:00,0.341,0.26190763845826065
2024-09-21 03:00:00,0.1808,0.2192303273549237
2024-09-21 05:00:00,0.302,0.2600586793965805
2024-09-21 10:00:00,0.3696,0.6696679317339747
2024-09-21 13:00:00,0.4047999999999999,0.5163114215785634
2024-09-21 22:00:00,0.5492,0.33393971646454634
2024-09-22 05:00:00,0.3608,0.2912732650036402
2024-09-22 07:00:00,0.6828,0.6264909887716921
2024-09-22 09:00:00,0.6366,0.666040395509994
2024-09-22 11:00:00,0.4638,0.47686559394080347
2024-09-22 12:00:00,0.6023999999999999,0.4067243119533209
2024-09-22 18:00:00,0.6781999999999999,0.6950049841227683
2024-09-22 21:00:00,0.3968,0.4318523104910547
2024-09-22 22:00:00,0.4264,0.43419353980727793
2024-09-23 04:00:00,0.1974,0.3616977167643156
2024-09-23 18:00:00,0.8724000000000001,0.8416565599596098
2024-09-23 20:00:00,0.5606,0.6776639682946728
2024-09-24 07:00:00,0.9644,0.974885915931216
2024-09-24 13:00:00,0.8044,0.82687382487594
2024-09-24 15:00:00,0.9914,0.8615966569684284
2024-09-24 19:00:00,0.635,0.8419277203715301
2024-09-25 02:00:00,0.2714,0.31292459029126907
2024-09-25 04:00:00,0.372,0.34177720502283143
2024-09-25 06:00:00,0.7846,0.5732306211586092
2024-09-25 08:00:00,1.1506,0.9954189644277216
2024-09-25 14:00:00,0.7488,0.7268580551471435
2024-09-25 19:00:00,0.7468,0.6768259698221999
2024-09-26 01:00:00,0.3077999999999999,0.3555814470301602
2024-09-26 02:00:00,0.2566,0.29053983130847144
2024-09-26 10:00:00,0.7350000000000001,0.8730600971395261
2024-09-26 11:00:00,0.6332,0.7453326987503488
2024-09-26 13:00:00,0.8562000000000001,0.7526483779602964
2024-09-26 19:00:00,0.6894,0.7004220387477555
2024-09-27 08:00:00,0.9794,1.0467534201630517
2024-09-27 10:00:00,0.946,0.863536129516401
2024-09-27 12:00:00,0.8142,0.750414092145411
2024-09-27 14:00:00,0.8071999999999999,0.7570967220145777
2024-09-27 17:00:00,0.8932,0.9620246359128275
2024-09-27 20:00:00,0.4634,0.5994430993346509
2024-09-27 22:00:00,0.6252,0.4253969435354663
2024-09-27 23:00:00,0.2108,0.47200924684994056
2024-09-28 02:00:00,0.3066,0.2371790693752518
2024-09-28 03:00:00,0.2508,0.17509858592852648
2024-09-28 15:00:00,0.4536,0.6005244092639637
2024-09-29 05:00:00,0.3146,0.2661251613955621
2024-09-29 08:00:00,0.8098,0.8038967598551214
2024-09-29 09:00:00,0.6616,0.7791959628954086
2024-09-30 08:00:00,1.1208,0.9816695645086213
2024-09-30 21:00:00,0.4508,0.4475343211016146
2024-09-30 22:00:00,0.3776,0.506821742047912
2024-10-01 00:00:00,0.4194,0.4203069942546681
2024-10-01 04:00:00,0.408,0.39130648311485905
2024-10-01 08:00:00,0.9886,1.109866034100217
2024-10-01 10:00:00,0.7298,0.9522690456247318
2024-10-01 15:00:00,0.8426,0.8311603575590658
2024-10-01 23:00:00,0.297,0.37954652009563766
2024-10-02 01:00:00,0.53,0.3916242155776094
2024-10-02 05:00:00,0.4664,0.42471970507861134
2024-10-02 10:00:00,0.7316,0.7810480673686333
2024-10-02 18:00:00,0.8879999999999999,0.7811864080680957
2024-10-02 20:00:00,0.4357999999999999,0.5770305137881009
2024-10-02 21:00:00,0.4412,0.4359304930992861
2024-10-03 01:00:00,0.503,0.49333818627608617
2024-10-03 05:00:00,0.346,0.3776376902404703
2024-10-03 11:00:00,0.7076,0.7900461532440415
2024-10-03 13:00:00,0.643,0.7077292543564306
2024-10-03 22:00:00,0.3838,0.417697885057628
2024-10-04 04:00:00,0.2526,0.33186734924476907
2024-10-04 06:00:00,0.6146,0.5738382159013262
2024-10-04 07:00:00,0.8388,0.8506299189872657
2024-10-04 09:00:00,0.9752,0.8678979480115994
2024-10-04 17:00:00,0.9973999999999998,0.8692599484530061
2024-10-04 23:00:00,0.3368,0.35653165583815405
2024-10-05 00:00:00,0.5955999999999999,0.29145894440794673
2024-10-05 01:00:00,0.2858,0.41122651371080254
2024-10-05 09:00:00,0.461,0.80646614569637
2024-10-05 13:00:00,0.5574,0.6016534756206736
2024-10-05 14:00:00,0.3044,0.6467735156571813
2024-10-05 15:00:00,0.4966,0.5915063133693772
2024-10-05 16:00:00,0.5846,0.6403627167058301
2024-10-05 23:00:00,0.3272,0.31144489924357976
2024-10-06 00:00:00,0.3984,0.43075527705305716
2024-10-06 01:00:00,0.471,0.3060816373514835
2024-10-06 02:00:00,0.2371999999999999,0.35931054650315525
2024-10-06 04:00:00,0.2335999999999999,0.2649035645763159
2024-10-06 07:00:00,0.5694,0.6842663227019159
2024-10-06 10:00:00,0.6266,0.4435070421588444
2024-10-06 13:00:00,0.5392,0.508642255241427
2024-10-06 14:00:00,0.433,0.41950273331399024
2024-10-06 16:00:00,0.5858,0.5241533194209409
2024-10-06 17:00:00,0.7507999999999999,0.6174335325958866
2024-10-06 18:00:00,0.6819999999999999,0.6845231639978655
2024-10-06 20:00:00,0.4725999999999999,0.4959458765789077
2024-10-07 04:00:00,0.4134,0.39959190763174995
2024-10-07 05:00:00,0.512,0.5140740718833459
2024-10-07 14:00:00,0.6764,0.6800722093111717
2024-10-07 17:00:00,0.7969999999999999,0.8361168595536037
2024-10-07 20:00:00,0.4296,0.6089140037153826
2024-10-08 05:00:00,0.3998,0.49087161802489754
2024-10-08 09:00:00,0.961,1.021163992037886
2024-10-08 15:00:00,0.8154,0.791550649377871
2024-10-08 21:00:00,0.4576,0.47415352098659513
2024-10-08 22:00:00,0.3794,0.48668397216649245
2024-10-09 01:00:00,0.3633999999999999,0.3828689241497869
2024-10-09 06:00:00,0.7545999999999999,0.5879109167634786
2024-10-09 12:00:00,0.7989999999999999,0.7182203197000891
2024-10-09 13:00:00,0.6066,0.8342019575707431
2024-10-09 21:00:00,0.3544,0.46374411982799796
2024-10-10 04:00:00,0.232,0.3152134544345516
2024-10-10 06:00:00,0.6946,0.6077614433523215
2024-10-10 10:00:00,0.8394,0.8407374087746666
2024-10-10 11:00:00,0.6414,0.7864217277652481
2024-10-10 16:00:00,0.901,0.8098667946913585
2024-10-10 19:00:00,0.7582,0.6361973903617875
2024-10-10 23:00:00,0.3488,0.35455447130546025
2024-10-11 01:00:00,0.3883999999999999,0.4972487700303568
2024-10-11 12:00:00,0.7083999999999999,0.7357262780960279
2024-10-12 01:00:00,0.3687999999999999,0.2940663757329254
2024-10-12 08:00:00,0.758,0.7557256629306195
2024-10-12 10:00:00,0.611,0.6014839699581833
2024-10-12 14:00:00,0.3026,0.4622006593664029
2024-10-12 16:00:00,0.5844,0.6376733532813663
2024-10-12 18:00:00,0.7005999999999999,0.62799291260736
2024-10-13 00:00:00,0.447,0.3393893167783319
2024-10-13 04:00:00,0.2366,0.29589865542372895
2024-10-13 07:00:00,0.7505999999999999,0.599725698611816
2024-10-13 08:00:00,0.7524,0.7409106375807741
2024-10-13 09:00:00,0.6066,0.6807580974091587
2024-10-13 14:00:00,0.5642,0.3529903236332528
2024-10-14 15:00:00,0.788,0.7258254776135249
2024-10-15 12:00:00,0.759,0.8737787471689631
2024-10-15 14:00:00,0.6987999999999999,0.8070102309945704
2024-10-15 21:00:00,0.4096,0.48115760549583086
2024-10-16 00:00:00,0.2774,0.3800796709116589
2024-10-16 03:00:00,0.1754,0.2820084743982368
2024-10-16 06:00:00,0.7462,0.620113831651269
2024-10-16 08:00:00,0.9682,0.9742485296511953
2024-10-16 09:00:00,0.879,0.9679940465022769
2024-10-16 15:00:00,0.872,0.7148463724095717
2024-10-16 16:00:00,0.8672,0.8592865125273532
2024-10-16 23:00:00,0.3002,0.4276440071383261
2024-10-17 00:00:00,0.5338,0.2788400865587094
2024-10-17 15:00:00,0.9754,0.8273312700522184
2024-10-18 12:00:00,0.7362,0.7898289061979176
2024-10-18 14:00:00,0.7096,0.8120591883848873
2024-10-18 20:00:00,0.4588,0.4848590228302269
2024-10-18 22:00:00,0.3369999999999999,0.4546316578672225
2024-10-19 10:00:00,0.5207999999999999,0.618835315933125
2024-10-19 15:00:00,0.4509999999999999,0.6345221358835493
2024-10-19 19:00:00,0.5923999999999999,0.47514917533881373
2024-10-20 04:00:00,0.2344,0.2736131583559228
2024-10-20 05:00:00,0.3242,0.3404070578734885
2024-10-20 06:00:00,0.3034,0.5234463659234667
2024-10-20 10:00:00,0.4532,0.5291237678602099
2024-10-20 13:00:00,0.4811999999999999,0.48765053751685705
2024-10-20 17:00:00,0.6006,0.5691077106461573
2024-10-20 23:00:00,0.3474,0.331766856281285
2024-10-21 04:00:00,0.2329999999999999,0.3987745047982423
2024-10-21 07:00:00,1.0158,0.7769605739538956
2024-10-21 17:00:00,0.8919999999999999,0.7435913398538994
2024-10-21 23:00:00,0.3326,0.4211189986619156
2024-10-22 05:00:00,0.3964,0.43502006504502916
2024-10-22 08:00:00,1.0652,1.0283814813413696
2024-10-22 11:00:00,0.8098,0.8954639446136479
2024-10-22 17:00:00,0.9234,0.8844397663181853
2024-10-22 18:00:00,0.7212000000000001,0.830459386268213
2024-10-23 02:00:00,0.2516,0.33415636667933135
2024-10-23 08:00:00,0.8898,0.9526102390354945
2024-10-23 13:00:00,0.7849999999999999,0.7356022534370197
2024-10-23 14:00:00,0.6924,0.8090518747963278
2024-10-24 01:00:00,0.236,0.39709372835778944
2024-10-24 05:00:00,0.2246,0.2974134914157285
2024-10-24 11:00:00,0.8632,0.777262875048844
2024-10-24 16:00:00,0.891,0.693511195691557
2024-10-25 03:00:00,0.134,0.31386532596444106
2024-10-25 14:00:00,0.8301999999999999,0.807651487749228
2024-10-26 07:00:00,0.5482,0.6465310705212983
2024-10-26 22:00:00,0.376,0.3060597081316887
2024-10-27 03:00:00,0.2017999999999999,0.2986197429649676
2024-10-27 11:00:00,0.4922,0.48476159906647254
2024-10-27 12:00:00,0.382,0.4888960498950288
2024-10-27 21:00:00,0.3266,0.36528586201546953
2024-10-28 11:00:00,0.8876,0.7474569199646377
2024-10-28 13:00:00,0.767,0.7222659007554793
2024-10-28 14:00:00,0.6938,0.6274833160907514
2024-10-28 22:00:00,0.4534,0.43595772691418827
2024-10-29 02:00:00,0.2486,0.3599716971121174
2024-10-29 14:00:00,0.8862,0.7158732737438465
2024-10-29 23:00:00,0.3746,0.5024422883734561
2024-10-30 08:00:00,0.9634,0.916050031897891
2024-10-30 13:00:00,0.622,0.7074756607575621
2024-10-30 17:00:00,1.0134,0.7519267977841961
2024-10-30 19:00:00,0.8074,0.709735648072279
2024-10-31 01:00:00,0.3309999999999999,0.3661936398786015
2024-10-31 12:00:00,0.817,0.7434622293156845
2024-10-31 15:00:00,0.8358,0.7377280444111942
2024-10-31 18:00:00,0.9468,0.8479329052358464
2024-10-31 23:00:00,0.537,0.37052265824090236
2024-11-01 00:00:00,0.528,0.43047396859203624
2024-11-01 01:00:00,0.488,0.41612383757633914
2024-11-01 06:00:00,0.7183999999999999,0.6065200424705404
2024-11-01 11:00:00,0.9164,0.7713853156439476
2024-11-01 18:00:00,0.8433999999999999,0.8623845416315876
2024-11-02 02:00:00,0.4998,0.23288524226209947
2024-11-03 02:00:00,0.2952,0.3920502084810798
2024-11-03 11:00:00,0.4271999999999999,0.538912977009973
2024-11-03 15:00:00,0.4417999999999999,0.4175756581184502
2024-11-03 20:00:00,0.3452,0.45057408584079284
2024-11-03 23:00:00,0.3476,0.2803998744607491
2024-11-04 05:00:00,0.4696,0.41651792134896765
2024-11-04 14:00:00,0.7272000000000001,0.5706453438558381
2024-11-04 15:00:00,0.7242000000000001,0.6501229808629567
2024-11-05 07:00:00,1.0202,0.929329401167639
2024-11-05 13:00:00,0.765,0.7195286050062355
2024-11-05 18:00:00,0.8997999999999999,0.8188119616806906
2024-11-05 19:00:00,0.6342,0.7500334655209633
2024-11-05 20:00:00,0.6023999999999999,0.5500383299343692
2024-11-05 21:00:00,0.3686,0.5106246538866912
2024-11-05 23:00:00,0.2997999999999999,0.38798819749733854
2024-11-06 00:00:00,0.6048,0.3815951926899063
2024-11-06 06:00:00,0.7862,0.6407693214281454
2024-11-06 10:00:00,0.6826,0.7958577734884653
2024-11-06 14:00:00,0.596,0.6784763685004784
2024-11-07 07:00:00,1.1124,0.913831284565201
2024-11-08 05:00:00,0.4474,0.5320867533626432
2024-11-08 16:00:00,0.9114,0.7763669116374443
2024-11-08 17:00:00,0.7332,0.8601198361838591
2024-11-08 18:00:00,0.7462,0.7094247602914716
2024-11-08 20:00:00,0.527,0.5330177973378238
2024-11-08 22:00:00,0.4456,0.4167488500847697
2024-11-09 05:00:00,0.3666,0.35482416041263265
2024-11-09 07:00:00,0.6966,0.7117108809081112
2024-11-09 20:00:00,0.3787999999999999,0.4549758153270161
2024-11-10 03:00:00,0.2392,0.22838556459068202
2024-11-10 13:00:00,0.3822,0.4346132816637829
2024-11-10 16:00:00,0.3617999999999999,0.5098270342445645
2024-11-10 19:00:00,0.6547999999999999,0.5928474256512595
2024-11-11 03:00:00,0.2552,0.36776999996654686
2024-11-11 08:00:00,1.0038,0.9158859467387561
2024-11-11 11:00:00,0.8354000000000001,0.6710325314386039
2024-11-11 12:00:00,0.6802,0.6813156665740581
2024-11-11 13:00:00,0.7542,0.6186365796541746
2024-11-11 14:00:00,0.7438,0.6877878568385776
2024-11-11 20:00:00,0.5503999999999999,0.5236039037525932
2024-11-12 03:00:00,0.4022,0.31823225642081326
2024-11-12 05:00:00,0.3534,0.49884906964767145
2024-11-12 07:00:00,0.9052,0.9544793325541063
2024-11-12 09:00:00,0.9118,1.0332544340314027
2024-11-12 20:00:00,0.4492,0.5760285781778471
2024-11-12 23:00:00,0.3686,0.47742149196937417
2024-11-13 02:00:00,0.1886,0.33946096697790407
2024-11-13 09:00:00,0.907,0.9136042768259811
2024-11-13 11:00:00,0.7448,0.808917918787945
2024-11-13 21:00:00,0.4262,0.3916116560583839
2024-11-13 23:00:00,0.3399999999999999,0.3873449368491792
2024-11-14 10:00:00,0.8282,0.8771400851987541
2024-11-14 11:00:00,0.7214,0.7811447681849852
2024-11-14 13:00:00,0.754,0.6305089046078058
2024-11-14 16:00:00,0.7942,0.801837377543942
2024-11-14 20:00:00,0.4472,0.5211919964293439
2024-11-15 01:00:00,0.2724,0.47187444675951734
2024-11-15 03:00:00,0.2232,0.2662809695590494
2024-11-15 04:00:00,0.1674,0.3591716485347287
2024-11-15 10:00:00,0.7322,0.9063979106862763
2024-11-15 11:00:00,0.7224,0.7643757378352396
2024-11-15 12:00:00,0.6783999999999999,0.6825616037594628
2024-11-15 22:00:00,0.4166,0.4304298107999664
2024-11-16 03:00:00,0.1993999999999999,0.1616116257719465
2024-11-16 04:00:00,0.3425999999999999,0.13628617309320668
2024-11-16 21:00:00,0.4327999999999999,0.36690660267632713
2024-11-17 06:00:00,0.5406,0.3912010155531024
2024-11-17 09:00:00,0.6763999999999999,0.6868440071946376
2024-11-17 13:00:00,0.5002,0.49053980904139904
2024-11-17 14:00:00,0.3021999999999999,0.42508246596086285
2024-11-17 18:00:00,0.6565999999999999,0.5713028309514012
2024-11-17 23:00:00,0.3752,0.35255880948261287
2024-11-18 00:00:00,0.4808,0.4216989998276827
2024-11-18 11:00:00,0.6394,0.7132575887556627
2024-11-18 22:00:00,0.4968,0.49094237442840105
2024-11-18 23:00:00,0.4046,0.481189389433538
2024-11-19 03:00:00,0.3324,0.337201544931817
2024-11-19 04:00:00,0.3192,0.36834929200120026
2024-11-19 12:00:00,0.6754,0.8204829484066287
2024-11-19 14:00:00,0.753,0.7568284747382861
2024-11-19 15:00:00,0.9232,0.8348468289720306
2024-11-19 17:00:00,0.8792,0.7268407021501619
2024-11-20 00:00:00,0.5207999999999999,0.47860271625613016
2024-11-20 04:00:00,0.3106,0.3539641495272595
2024-11-20 05:00:00,0.3736,0.42633919375194274
2024-11-20 07:00:00,0.9332,0.8983888817200074
2024-11-20 14:00:00,0.6284000000000001,0.7511589096206353
2024-11-21 04:00:00,0.3408,0.30851187073288133
2024-11-21 07:00:00,1.0906,0.7863988434472071
2024-11-21 11:00:00,0.6928000000000001,0.6714924660298893
2024-11-21 12:00:00,0.7348000000000001,0.6269117636911219
2024-11-21 13:00:00,0.6806000000000001,0.7375258178525619
2024-11-21 15:00:00,0.7505999999999999,0.7560095779402243
2024-11-21 20:00:00,0.5274,0.5010203437541504
2024-11-22 20:00:00,0.501,0.5521296220507657
2024-11-22 21:00:00,0.4782,0.4552923001928046
2024-11-23 03:00:00,0.1658,0.2709548394254703
2024-11-23 04:00:00,0.1166,0.16818794772649676
2024-11-23 05:00:00,0.3692,0.24894814669927437
2024-11-23 13:00:00,0.3631999999999999,0.5525575123944502
2024-11-23 14:00:00,0.472,0.49837189628772366
2024-11-23 17:00:00,0.4268,0.6500524269795649
2024-11-23 22:00:00,0.3732,0.35936050741222675
2024-11-24 00:00:00,0.4442,0.3409827941251852
2024-11-24 13:00:00,0.432,0.4138795230109129
2024-11-24 15:00:00,0.4542,0.46808339556289563
2024-11-24 16:00:00,0.5294,0.5131076545796642
2024-11-24 22:00:00,0.341,0.35652450087088305
2024-11-25 03:00:00,0.2364,0.29259168318732404
2024-11-25 05:00:00,0.4578,0.4399864050499973
2024-11-25 07:00:00,1.0537999999999998,0.7834753355733322
2024-11-25 18:00:00,0.7146000000000001,0.7576718595421414
2024-11-26 00:00:00,0.4448,0.40446982479334515
2024-11-26 03:00:00,0.2163999999999999,0.35972304603334637
2024-11-26 04:00:00,0.318,0.33054293842170956
2024-11-26 06:00:00,0.7678,0.6088289680247103
2024-11-26 07:00:00,1.1062,0.9534354026216418
2024-11-26 09:00:00,1.037,0.9189342427740834
2024-11-26 13:00:00,0.7386000000000001,0.7844631098810173
2024-11-26 14:00:00,0.8238000000000001,0.8404924789445227
2024-11-26 15:00:00,0.765,0.7981647821775961
2024-11-26 18:00:00,0.8104,0.7622611309128624
2024-11-27 03:00:00,0.191,0.3290012092268342
2024-11-27 09:00:00,1.0372,0.9577356481163108
2024-11-27 17:00:00,0.688,0.7999689203170641
2024-11-28 01:00:00,0.4473999999999999,0.41024097468663645
2024-11-28 08:00:00,1.0756,0.9183146044584185
2024-11-28 15:00:00,0.7462,0.716415303618471
2024-11-28 18:00:00,0.7826,0.6738165225441941
2024-11-29 01:00:00,0.4396,0.4820355246845746
2024-11-29 12:00:00,0.7114,0.7238255412427623
2024-11-29 15:00:00,0.8216,0.6956613311809983
2024-11-29 22:00:00,0.5344,0.4861584293328082
2024-11-30 06:00:00,0.5912,0.47881393702931785
2024-11-30 15:00:00,0.4138,0.6042353393379061
2024-11-30 17:00:00,0.6941999999999999,0.6888173440219587
2024-12-01 00:00:00,0.5418,0.4289645908160237
2024-12-01 04:00:00,0.2528,0.24278818442227063
2024-12-01 05:00:00,0.3044,0.31749406347571163
2024-12-01 10:00:00,0.4602,0.47457675266428845
2024-12-01 15:00:00,0.4630000000000001,0.4070378351154806
2024-12-01 20:00:00,0.4031999999999999,0.5366068354723159
2024-12-02 09:00:00,1.0162,0.8564011063344223
2024-12-02 11:00:00,0.6772,0.6739164484963198
2024-12-02 14:00:00,0.7332,0.6187376708149092
2024-12-02 17:00:00,0.9652,0.8145082452046033
2024-12-03 10:00:00,0.8686,0.9159139840599331
2024-12-03 13:00:00,0.6354000000000001,0.7309977936100382
2024-12-03 22:00:00,0.3793999999999999,0.5222700667150741
2024-12-04 10:00:00,0.7836000000000001,0.9555198129681837
2024-12-04 15:00:00,0.8016000000000001,0.7801554122827512
2024-12-04 20:00:00,0.5792,0.5630852978945269
2024-12-04 23:00:00,0.3656,0.42707586875206455
2024-12-05 06:00:00,0.8867999999999999,0.6495548361212832
2024-12-05 07:00:00,1.0172,0.9256218240971514
2024-12-05 10:00:00,0.9168,0.7931261134012273
2024-12-05 13:00:00,0.7516,0.8159163199826156
2024-12-05 14:00:00,0.786,0.6955951427473548
2024-12-05 16:00:00,0.8666,0.7652892533938154
2024-12-05 19:00:00,0.7525999999999999,0.6907956843034357
2024-12-06 13:00:00,0.627,0.7381600362216652
2024-12-07 01:00:00,0.3012,0.2915930582932509
2024-12-07 10:00:00,0.3566,0.6662218403711251
2024-12-07 14:00:00,0.4286,0.5482430220789458
2024-12-07 16:00:00,0.523,0.6245863124339543
2024-12-07 18:00:00,0.5731999999999999,0.6652396052005374
2024-12-08 03:00:00,0.14,0.2944423938312769
2024-12-08 07:00:00,0.715,0.5922930506695077
2024-12-08 15:00:00,0.4486,0.40470878963017126
2024-12-08 17:00:00,0.5950000000000001,0.6037495502952656
2024-12-08 19:00:00,0.5858,0.5392721060362002
2024-12-09 04:00:00,0.239,0.33003578041824366
2024-12-09 06:00:00,0.7554000000000001,0.5479667545230671
2024-12-09 11:00:00,0.7438,0.701503215214208
2024-12-09 21:00:00,0.4486,0.47708965639961093
2024-12-10 10:00:00,0.7924,0.9595996801722251
2024-12-10 17:00:00,0.7756000000000001,0.8460764481089469
2024-12-11 06:00:00,0.8066,0.5540366165834021
2024-12-11 08:00:00,1.1631999999999998,1.0700266477823024
2024-12-11 09:00:00,0.9976,1.0074313718331507
2024-12-11 23:00:00,0.4008,0.4167001513991386
2024-12-12 00:00:00,0.574,0.46418655759969313
2024-12-12 06:00:00,0.9332,0.6709828020421817
2024-12-12 08:00:00,1.0714,1.0532665650787079
2024-12-12 15:00:00,0.8436000000000001,0.6496377467157479
2024-12-12 19:00:00,0.719,0.6858044882299605
2024-12-13 03:00:00,0.3004,0.3333618004949256
2024-12-13 21:00:00,0.438,0.4507015059547878
2024-12-14 05:00:00,0.263,0.30500960306826475
2024-12-14 13:00:00,0.4502,0.5569274020987764
2024-12-15 04:00:00,0.2474,0.26722199052490325
2024-12-15 06:00:00,0.482,0.3877918258769553
2024-12-15 07:00:00,0.7032,0.5791672921848072
2024-12-15 21:00:00,0.4327999999999999,0.35844151341219577
2024-12-16 08:00:00,1.1416,1.0719590100746852
2024-12-16 15:00:00,0.8492000000000001,0.7671871577892702
2024-12-16 17:00:00,1.0532,0.7306338525616343
2024-12-16 19:00:00,0.7716,0.7061841628208354
2024-12-17 03:00:00,0.0848,0.3747875514112269
2024-12-17 12:00:00,0.784,0.8481205318596421
2024-12-17 17:00:00,0.9392,0.9307611804107854
2024-12-17 20:00:00,0.4616,0.5734651667698998
2024-12-18 10:00:00,0.6839999999999999,0.9780604546235621
2024-12-18 13:00:00,0.6741999999999999,0.7512292283153743
2024-12-19 00:00:00,0.499,0.3674973477793347
2024-12-19 01:00:00,0.383,0.371791789512662
2024-12-19 04:00:00,0.4304,0.34300440344055894
2024-12-19 06:00:00,0.7864,0.615699835748269
2024-12-19 07:00:00,1.148,0.9205847442691117
2024-12-19 09:00:00,1.0140000000000002,1.0784488242478738
2024-12-19 16:00:00,0.8426,0.8416630784089716
2024-12-19 19:00:00,0.5402,0.6286265989695929
2024-12-19 22:00:00,0.473,0.4666171042944341
2024-12-19 23:00:00,0.3249999999999999,0.38322502454683116
2024-12-20 00:00:00,0.45,0.41849340366556476
2024-12-20 01:00:00,0.3562,0.4113885494570628
2024-12-20 02:00:00,0.3014,0.40219289210021525
2024-12-20 09:00:00,0.9144,1.0306789775563134
2024-12-20 11:00:00,0.8082,0.7819202514244392
2024-12-20 20:00:00,0.5738,0.6481673587092136
2024-12-20 23:00:00,0.4052,0.39315545165795074
2024-12-21 02:00:00,0.3391999999999999,0.2275519243616306
2024-12-21 09:00:00,0.7008,0.7895597038761117
2024-12-21 14:00:00,0.4128,0.584069926739547
2024-12-21 20:00:00,0.6217999999999999,0.46748815989953857
2024-12-21 21:00:00,0.428,0.4113823587095542
2024-12-22 04:00:00,0.2855999999999999,0.24858572690753644
2024-12-22 08:00:00,0.8042,0.759686298611258
2024-12-22 23:00:00,0.4726,0.437630637115339
2024-12-23 01:00:00,0.5164,0.43167420899264414
2024-12-23 06:00:00,0.8648,0.5923277301814938
2024-12-23 19:00:00,0.654,0.6923554940549854
2024-12-23 21:00:00,0.2924,0.5348753540394717
2024-12-24 01:00:00,0.4052,0.4855156553366805
2024-12-24 04:00:00,0.3158,0.35163612802301647
2024-12-24 05:00:00,0.453,0.4737578721046565
2024-12-24 13:00:00,0.7378,0.8370926566543861
2024-12-24 15:00:00,0.773,0.8786033707997063
2024-12-24 21:00:00,0.4044,0.3958194349732013
2024-12-24 22:00:00,0.4584,0.4923900310442943
2024-12-25 12:00:00,0.3878,0.6368222324334984
2024-12-25 18:00:00,0.7143999999999999,0.7131627827487375
2024-12-25 19:00:00,0.5662,0.6697055762049826
2024-12-25 21:00:00,0.4478,0.4354160050284039
2024-12-26 00:00:00,0.4628,0.37384643922798044
2024-12-26 05:00:00,0.412,0.3840919708029889
2024-12-26 07:00:00,1.0992,0.7267177839834114
2024-12-26 09:00:00,0.9218,0.8933115706166179
2024-12-26 13:00:00,0.7268,0.6246992111727168
2024-12-26 15:00:00,0.6846,0.6272851720672417
2024-12-26 18:00:00,0.9706,0.8086415183377931
2024-12-26 21:00:00,0.6040000000000001,0.43892990677488486
2024-12-26 22:00:00,0.4958,0.44879367928341357
2024-12-27 01:00:00,0.3878,0.4206211628134621
2024-12-27 06:00:00,0.7969999999999999,0.6720489249861061
2024-12-27 15:00:00,0.6638,0.6847621930791306
2024-12-27 16:00:00,0.9856,0.7604915145708733
2024-12-27 23:00:00,0.4412,0.44476817774175154
2024-12-28 04:00:00,0.1948,0.26522421142511726
2024-12-28 09:00:00,0.6794,0.7947586260273449
2024-12-28 10:00:00,0.5596,0.6859971229162467
2024-12-28 12:00:00,0.5144,0.6478082790720308
2024-12-28 13:00:00,0.3184,0.5115640118318096
2024-12-28 14:00:00,0.4974,0.4626250893178396
2024-12-28 19:00:00,0.5167999999999999,0.5414596893959691
2024-12-28 20:00:00,0.5374,0.41008542524786995
2024-12-28 22:00:00,0.4184,0.35370105106106475
2024-12-29 08:00:00,0.6846,0.7651332663049031
2024-12-29 14:00:00,0.3756,0.48057065222885875
2024-12-29 15:00:00,0.6568,0.4566859042072029
2024-12-29 23:00:00,0.3704,0.33149735564884575
2024-12-30 00:00:00,0.5892,0.4533532999935922
2024-12-30 13:00:00,0.8366,0.656561605771788
2024-12-30 17:00:00,0.8704,0.7673003902144904
2024-12-30 22:00:00,0.3002,0.4573917414003279
